nos,customer_category,application_no,channel_code,marketing_program_code,gender_desc,marital_code,flag_contactless,rcc_billing,flag_on_us
1026341249,FFL,SB1100045230,B,B,Female,MAR,NOT CONTACTLESS,SURABAYA,ON US
-274525281,NOR,LF1165386743,0,0,Female,MAR,NOT CONTACTLESS,BALIKPAPAN,ON US
2078399363,NOR,LF1140609646,B,B,Male,MAR,NOT CONTACTLESS,BANDUNG,ON US
1326125937,BCO,C22110303437,0,0,Female,SIN,NOT CONTACTLESS,JAKARTA 4,ON US
2072584949,NOR,HQ1200131788,0,V,Female,SIN,NOT CONTACTLESS,JAKARTA 4,ON US
625315057,BCO,C21081802059,0,0,Female,MAR,NOT CONTACTLESS,SEMARANG,ON US
-1480431740,BCO,C19082901571,0,0,Male,SIN,CONTACTLESS,JAKARTA 5,ON US
-1038884705,NOR,LF1140105579,0,Z,Female,SIN,NOT CONTACTLESS,SEMARANG,ON US
356810069,NOR,,0,0,Female,MAR,CONTACTLESS,JAKARTA 4,ON US
-261264763,STF,C23012500528,0,0,Female,MAR,NOT CONTACTLESS,SURABAYA,ON US
740838494,BCO,HQ1100194401,H,A,Male,SIN,NOT CONTACTLESS,DENPASAR,ON US
-1702159355,BCO,C23072002693,0,0,Female,MAR,NOT CONTACTLESS,BALIKPAPAN,ON US
306414942,NOR,LF1165408655,0,0,Male,MAR,NOT CONTACTLESS,MEDAN,ON US
306414942,NOR,LF1165408655,0,0,Male,MAR,NOT CONTACTLESS,MEDAN,ON US
-348147120,NOR,LF1140026860,L,Z,Male,MAR,NOT CONTACTLESS,JAKARTA 3,ON US
1483599411,NOR,LF1130080195,0,Y,Male,MAR,NOT CONTACTLESS,PALEMBANG,ON US
-47976907,NOR,MD1100048287,F,G,Male,MAR,NOT CONTACTLESS,PALEMBANG,ON US
-2031414878,NOR,HQ1200182386,0,Z,Female,MAR,NOT CONTACTLESS,JAKARTA 4,ON US
184380496,NOR,LF1140317864,B,Z,Male,MAR,NOT CONTACTLESS,DENPASAR,ON US
-901065116,CLS,C22081501870,0,0,Male,MAR,NOT CONTACTLESS,SURABAYA,ON US
2006125794,NOR,PB0800005891,0,0,Male,MAR,NOT CONTACTLESS,PALEMBANG,ON US
-60836868,VIP,C19082602251,0,0,Female,MAR,NOT CONTACTLESS,PALEMBANG,ON US
-1912245228,NOR,LF1175717750,0,B,Male,MAR,NOT CONTACTLESS,MEDAN,ON US
-2067189292,VIP,C23112902521,0,0,Male,MAR,NOT CONTACTLESS,JAKARTA 3,ON US
644980957,NOR,HQ1200303775,0,G,Male,SIN,NOT CONTACTLESS,JAKARTA 3,ON US
625315057,NOR,C21122002701,0,0,Male,MAR,NOT CONTACTLESS,SEMARANG,ON US
-1999292210,NOR,C18050700664,0,0,Female,MAR,NOT CONTACTLESS,JAKARTA 3,ON US
1647545118,BCO,LF1175564709,I,E,Female,MAR,NOT CONTACTLESS,PALEMBANG,ON US
-1021044483,BCO,C19062401763,0,0,Male,SIN,CONTACTLESS,MEDAN,ON US
1655935584,BCO,C21063000845,0,0,Male,MAR,NOT CONTACTLESS,SURABAYA,ON US
909113663,NOR,LF1140520453,B,Z,Male,MAR,NOT CONTACTLESS,JAKARTA 3,ON US
1300422813,DEP,LF2140025085,0,Z,Male,SIN,NOT CONTACTLESS,PALEMBANG,ON US
466429362,BCO,LF3140033222,B,Z,Male,MAR,NOT CONTACTLESS,JAKARTA 3,ON US
2124832381,NOR,C23030800578,0,0,Female,SIN,NOT CONTACTLESS,DENPASAR,ON US
-822909540,BCO,LF1175091542,B,B,Female,SIN,NOT CONTACTLESS,JAKARTA 4,ON US
-1930341357,NOR,LF1175001674,F,V,Female,SIN,NOT CONTACTLESS,MEDAN,ON US
191890496,BCO,LF1140312024,0,Z,Female,MAR,NOT CONTACTLESS,MAKASSAR,ON US
753738144,BCO,LF1150010017,B,B,Female,SIN,NOT CONTACTLESS,JAKARTA 4,ON US
403111203,NOR,LF1140101377,0,Z,Male,MAR,NOT CONTACTLESS,JAKARTA 3,ON US
1425686656,NOR,LF1140034355,0,Z,Male,MAR,CONTACTLESS,SURABAYA,ON US
641358226,BCO,LF1150725398,B,B,Male,MAR,CONTACTLESS,JAKARTA 3,ON US
625315057,NOR,C21122002701,0,0,Male,MAR,NOT CONTACTLESS,SEMARANG,ON US
-1257324414,BCO,C20021902090,0,0,Male,MAR,NOT CONTACTLESS,SEMARANG,ON US
1312615935,BCO,C21031200230,0,0,Male,MAR,NOT CONTACTLESS,JAKARTA 5,ON US
-1374389505,NOR,C23110500145,0,0,Male,MAR,NOT CONTACTLESS,DENPASAR,ON US
-489982000,NOR,LF1165638390,0,B,Male,MAR,NOT CONTACTLESS,JAKARTA 3,ON US
-132676092,NOR,HQ1100337486,F,G,Female,MAR,CONTACTLESS,JAKARTA 3,ON US
763340172,BCO,HQ0700086603,0,0,Male,MAR,NOT CONTACTLESS,JAKARTA 3,ON US
-91488747,NOR,BP1200033735,F,V,Female,SIN,NOT CONTACTLESS,JAKARTA 3,ON US
1809413668,BCO,MD1400021518,B,B,Male,MAR,NOT CONTACTLESS,MEDAN,ON US
-882964463,NOR,C23092502856,0,0,Male,SIN,NOT CONTACTLESS,BANDUNG,ON US
300328498,NOR,C21102702373,0,0,Female,MAR,NOT CONTACTLESS,JAKARTA 3,ON US
1159622741,BCO,SB1400000253,L,Z,Male,MAR,CONTACTLESS,JAKARTA 4,ON US
-1306901771,VIP,C19081202223,0,0,Male,SIN,NOT CONTACTLESS,BALIKPAPAN,ON US
625315057,NOR,C21122002701,0,0,Male,MAR,NOT CONTACTLESS,SEMARANG,ON US
-1154559794,NOR,HQ1200289116,0,E,Male,SIN,NOT CONTACTLESS,JAKARTA 5,ON US
-874234093,BCO,C23052200493,0,0,Male,MAR,NOT CONTACTLESS,PALEMBANG,ON US
1514509404,NOR,HQ0900241262,0,0,Male,MAR,NOT CONTACTLESS,JAKARTA 4,ON US
218847428,NOR,C23090801278,0,0,Female,SIN,NOT CONTACTLESS,PALEMBANG,ON US
-1080479795,BCO,C23121102937,0,0,Male,MAR,NOT CONTACTLESS,JAKARTA 3,ON US
2136754773,NOR,HQ1200238056,F,G,Male,MAR,NOT CONTACTLESS,JAKARTA 3,ON US
-131389796,NOR,C23091501982,0,0,Female,MAR,NOT CONTACTLESS,JAKARTA 4,ON US
-760824484,STF,C18111602400,0,0,Male,MAR,NOT CONTACTLESS,JAKARTA 5,ON US
-359029537,BCO,C21092302316,0,0,Male,MAR,NOT CONTACTLESS,JAKARTA 4,ON US
1005297267,NOR,C23120600600,0,0,Female,SIN,NOT CONTACTLESS,BANDUNG,ON US
625315057,BCO,C21081802059,0,0,Female,MAR,NOT CONTACTLESS,SEMARANG,ON US
909140180,BCO,C23032900689,0,0,Male,MAR,NOT CONTACTLESS,SURABAYA,ON US
56078546,NOR,MK1000003090,0,0,Male,MAR,NOT CONTACTLESS,MAKASSAR,ON US
1190005294,BCO,SB1400016636,B,Z,Male,MAR,NOT CONTACTLESS,SURABAYA,ON US
-1623342348,NOR,LF1175643479,B,B,Male,SIN,NOT CONTACTLESS,JAKARTA 5,ON US
1537417759,NOR,,0,0,Male,MAR,CONTACTLESS,SURABAYA,ON US
1215973955,NOR,SB1200054422,B,V,Female,SIN,NOT CONTACTLESS,JAKARTA 3,ON US
245777613,BCO,LF1130032463,B,S,Male,MAR,NOT CONTACTLESS,JAKARTA 4,ON US
249512737,NOR,LF1180255541,I,E,Female,MAR,NOT CONTACTLESS,JAKARTA 3,ON US
1711622605,BCO,C19110601932,0,0,Male,MAR,NOT CONTACTLESS,SURABAYA,ON US
-277501856,BCO,C22092100995,0,0,Male,MAR,NOT CONTACTLESS,JAKARTA 4,ON US
998952018,BCO,C23092501120,0,0,Male,MAR,NOT CONTACTLESS,BANDUNG,ON US
-1200851995,NOR,C23102002596,0,0,Male,SIN,NOT CONTACTLESS,MAKASSAR,ON US
1088443085,BCO,HQ0500287957,0,0,Male,SIN,NOT CONTACTLESS,JAKARTA 5,ON US
1525004884,NOR,HQ1200259545,0,G,Female,SIN,NOT CONTACTLESS,BALIKPAPAN,ON US
852640467,NOR,LF1150741600,B,B,Female,MAR,NOT CONTACTLESS,PALEMBANG,ON US
696515301,BCO,PB1100036846,0,S,Male,SIN,NOT CONTACTLESS,SEMARANG,ON US
466235551,BCO,LF1140005440,0,S,Male,MAR,NOT CONTACTLESS,JAKARTA 5,ON US
956955549,NOR,MK1400001448,B,Z,Male,MAR,NOT CONTACTLESS,MAKASSAR,ON US
-1622129476,NOR,LF1140123567,0,Z,Male,MAR,NOT CONTACTLESS,JAKARTA 5,ON US
-947154163,NOR,LF1140147687,0,Z,Male,MAR,NOT CONTACTLESS,JAKARTA 3,ON US
7307264,NOR,LF1140602790,B,B,Male,SIN,NOT CONTACTLESS,JAKARTA 3,ON US
829890965,BCO,SB1200051410,0,V,Male,MAR,NOT CONTACTLESS,SURABAYA,ON US
-2121507987,NOR,LF1165491860,B,B,Female,MAR,NOT CONTACTLESS,JAKARTA 4,ON US
-1625249073,NOR,LF1175266579,B,B,Male,MAR,NOT CONTACTLESS,SURABAYA,ON US
543493228,NOR,LF1175529619,B,B,Female,SIN,NOT CONTACTLESS,JAKARTA 3,ON US
1451725793,NOR,LF1175446316,B,B,Male,MAR,NOT CONTACTLESS,PALEMBANG,ON US
-1859335291,BCO,LF1150608573,B,B,Male,MAR,NOT CONTACTLESS,JAKARTA 5,ON US
1926281246,BCO,LF1140299101,B,Z,Male,MAR,NOT CONTACTLESS,BANDUNG,ON US
1873685588,BCO,LF1150396255,0,B,Male,MAR,NOT CONTACTLESS,SEMARANG,ON US
1441478224,BCO,BD1500002456,B,Y,Male,SIN,NOT CONTACTLESS,BANDUNG,ON US
1283730353,NOR,C19022101548,0,0,Male,MAR,CONTACTLESS,SURABAYA,ON US
-1054487188,BCO,C19030100551,0,0,Male,MAR,CONTACTLESS,JAKARTA 4,ON US
-1388109598,NOR,LF1175054891,B,F,Female,MAR,NOT CONTACTLESS,BANDUNG,ON US
-653206334,NOR,LF1175970663,B,B,Female,MAR,NOT CONTACTLESS,JAKARTA 3,ON US
-9225147,BCO,C22082200313,0,0,Female,MAR,NOT CONTACTLESS,SEMARANG,ON US
1479202527,NOR,,0,0,Female,MAR,NOT CONTACTLESS,JAKARTA 3,ON US
-1366769892,NOR,,0,0,Male,MAR,NOT CONTACTLESS,BALIKPAPAN,ON US
1849611772,CLS,C23030602442,0,0,Male,MAR,NOT CONTACTLESS,BALIKPAPAN,ON US
1397679315,CLS,C23081003182,0,0,Female,SIN,NOT CONTACTLESS,DENPASAR,ON US
819550129,NOR,LF1180216246,B,4,Female,SIN,NOT CONTACTLESS,JAKARTA 5,ON US
-1612577169,NOR,C23092004202,0,0,Male,MAR,NOT CONTACTLESS,JAKARTA 4,ON US
-1547461853,BCO,C23022701514,0,0,Male,SIN,CONTACTLESS,MAKASSAR,ON US
448947794,NOR,C23070300065,0,0,Male,MAR,CONTACTLESS,BALIKPAPAN,ON US
1980162061,BCO,C23072000922,0,0,Female,MAR,CONTACTLESS,DENPASAR,ON US
-1910918750,BCO,LF1150645789,B,B,Female,MAR,CONTACTLESS,JAKARTA 3,ON US
-1632454156,NOR,BD1000059140,0,0,Female,SIN,NOT CONTACTLESS,BANDUNG,ON US
-477402623,NOR,LF1140481591,0,Z,Male,SIN,NOT CONTACTLESS,JAKARTA 4,ON US
-1192717472,NOR,HQ0800092337,0,0,Female,MAR,NOT CONTACTLESS,JAKARTA 3,ON US
782027053,NOR,LF1165125347,0,0,Female,MAR,NOT CONTACTLESS,JAKARTA 5,ON US
-1407177467,BCO,,0,0,Female,SIN,NOT CONTACTLESS,MEDAN,ON US
1140750995,NOR,C21052700746,0,0,Male,MAR,NOT CONTACTLESS,JAKARTA 4,ON US
-1244664093,NOR,C21102601525,0,0,Male,MAR,NOT CONTACTLESS,BANDUNG,ON US
2013242528,NOR,C22062101092,0,0,Female,MAR,NOT CONTACTLESS,PALEMBANG,ON US
496833904,BCO,HQ1200331868,0,B,Female,SIN,NOT CONTACTLESS,JAKARTA 4,ON US
-1869342239,CLS,C23112901409,0,0,Male,MAR,NOT CONTACTLESS,JAKARTA 4,ON US
-894289536,NOR,LF1130189150,0,Y,Male,CNV,NOT CONTACTLESS,JAKARTA 5,ON US
1985983231,NOR,LF1140123774,0,Z,Male,MAR,NOT CONTACTLESS,BANDUNG,ON US
-1802221854,NOR,LF1140447723,0,Z,Female,MAR,NOT CONTACTLESS,SURABAYA,ON US
-1101896976,BCO,C21072900417,0,0,Female,SIN,NOT CONTACTLESS,JAKARTA 3,ON US
2103163956,NOR,HQ1200290315,0,G,Female,MAR,NOT CONTACTLESS,JAKARTA 3,ON US
953474911,WMG,C23061403919,0,0,Female,DIV,CONTACTLESS,SEMARANG,ON US
-1893322589,WMG,C21042101343,0,0,Female,MAR,NOT CONTACTLESS,MEDAN,ON US
1586238255,NOR,LF1180203003,L,Y,Male,SIN,NOT CONTACTLESS,JAKARTA 4,ON US
-1348736947,BCO,C19100902451,0,0,Male,SIN,NOT CONTACTLESS,JAKARTA 3,ON US
-1297409917,CLS,C21031700467,0,0,Male,SIN,NOT CONTACTLESS,JAKARTA 5,ON US
-1802847260,NOR,C23120802652,0,0,Female,SIN,NOT CONTACTLESS,JAKARTA 3,ON US
-597622769,NOR,,0,0,Female,MAR,NOT CONTACTLESS,JAKARTA 5,ON US
-1344937469,NOR,MK0800002488,0,0,Female,SIN,NOT CONTACTLESS,MAKASSAR,ON US
72714741,NOR,HQ1100268879,0,H,Male,SIN,NOT CONTACTLESS,JAKARTA 3,ON US
2129222352,NOR,PB1200012734,F,G,Female,MAR,NOT CONTACTLESS,PALEMBANG,ON US
1786775436,NOR,LF1150329239,0,B,Female,MAR,NOT CONTACTLESS,SURABAYA,ON US
894340066,NOR,,0,0,Male,MAR,NOT CONTACTLESS,JAKARTA 4,ON US
794722526,BCO,HQ1100222513,0,S,Male,MAR,CONTACTLESS,PALEMBANG,ON US
-149333341,NOR,BD1300025904,I,E,Male,MAR,NOT CONTACTLESS,BANDUNG,ON US
978460464,NOR,LF1140317930,0,Z,Male,MAR,NOT CONTACTLESS,MEDAN,ON US
2137252770,BCO,,0,0,Female,MAR,NOT CONTACTLESS,JAKARTA 3,ON US
-1939401500,CLS,C21102201279,0,0,Female,SIN,NOT CONTACTLESS,JAKARTA 3,ON US
272335553,NOR,C22022402012,0,0,Male,SIN,NOT CONTACTLESS,SURABAYA,ON US
-1507645492,NOR,C22102900574,0,0,Female,SIN,NOT CONTACTLESS,JAKARTA 4,ON US
140343087,BCO,C23053001557,0,0,Female,MAR,NOT CONTACTLESS,JAKARTA 4,ON US
1521697411,BCO,C23071802108,0,0,Male,MAR,NOT CONTACTLESS,JAKARTA 4,ON US
-1670797119,CLS,C18050700807,0,0,Male,MAR,NOT CONTACTLESS,JAKARTA 3,ON US
1598064878,NOR,HQ1200278989,0,G,Male,MAR,NOT CONTACTLESS,JAKARTA 4,ON US
307797795,NOR,C22010700267,0,0,Female,SIN,NOT CONTACTLESS,SURABAYA,ON US
-303562733,CLS,C21062100453,0,0,Male,MAR,NOT CONTACTLESS,SURABAYA,ON US
-618111506,WMG,,0,0,Male,MAR,NOT CONTACTLESS,BALIKPAPAN,ON US
-1415856764,NOR,LF1175532002,B,F,Female,MAR,NOT CONTACTLESS,SEMARANG,ON US
637354718,NOR,C23121500138,0,0,Female,MAR,NOT CONTACTLESS,JAKARTA 4,ON US
545240387,NOR,LF1165405778,B,B,Female,MAR,CONTACTLESS,MAKASSAR,ON US
1113197761,BCO,C21062901234,0,0,Female,SIN,CONTACTLESS,JAKARTA 4,ON US
909023231,NOR,,0,0,Female,MAR,CONTACTLESS,DENPASAR,ON US
-261479472,BCO,C22102002190,0,0,Female,MAR,CONTACTLESS,JAKARTA 3,ON US
-658303389,BCO,C21032600170,0,0,Male,MAR,CONTACTLESS,JAKARTA 3,ON US
-334771460,BCO,LF1155329570,0,0,Female,MAR,NOT CONTACTLESS,JAKARTA 3,ON US
-2147292524,BCO,LF1175967366,B,Y,Male,MAR,CONTACTLESS,BANDUNG,ON US
225867057,NOR,C18051400532,0,0,Female,SIN,CONTACTLESS,JAKARTA 5,ON US
1655925533,BCO,C22100700197,0,0,Male,SIN,NOT CONTACTLESS,JAKARTA 3,ON US
-521199060,NOR,C23101302539,0,0,Male,SIN,NOT CONTACTLESS,MEDAN,ON US
53230533,NOR,BD1000043240,0,0,Female,MAR,CONTACTLESS,BANDUNG,ON US
1978090960,BCO,LF1130064700,B,S,Male,SIN,CONTACTLESS,SURABAYA,ON US
1806345059,NOR,MD0900006708,0,0,Male,MAR,NOT CONTACTLESS,MEDAN,ON US
1030164915,NOR,,0,0,Female,MAR,NOT CONTACTLESS,SURABAYA,ON US
-306124411,NOR,PB1300023371,0,G,Male,MAR,NOT CONTACTLESS,BANDUNG,ON US
-485607156,NOR,HQ0700000444,0,0,Female,SIN,NOT CONTACTLESS,JAKARTA 5,ON US
-1510861996,NOR,C23112203602,0,0,Male,MAR,NOT CONTACTLESS,SURABAYA,ON US
641568003,NOR,C23112902558,0,0,Male,SIN,NOT CONTACTLESS,SEMARANG,ON US
846245796,BCO,C19073002044,0,0,Male,SIN,NOT CONTACTLESS,SURABAYA,ON US
1490473902,NOR,BP1400013140,B,Z,Male,MAR,NOT CONTACTLESS,BALIKPAPAN,ON US
-677554064,BCO,C18120602266,0,0,Male,MAR,NOT CONTACTLESS,MAKASSAR,ON US
-118450641,BCO,C20010201759,0,0,Female,SIN,NOT CONTACTLESS,JAKARTA 5,ON US
463200933,VIP,C19012500444,0,0,Male,MAR,NOT CONTACTLESS,BANDUNG,ON US
-1386209618,WMG,C21071400480,0,0,Male,MAR,NOT CONTACTLESS,SEMARANG,ON US
1461412645,NOR,C19062500682,0,0,Male,MAR,NOT CONTACTLESS,JAKARTA 3,ON US
-2110800061,BCO,BP1200028999,B,S,Male,MAR,NOT CONTACTLESS,BALIKPAPAN,ON US
-1754968656,BCO,C19022202501,0,0,Female,MAR,NOT CONTACTLESS,JAKARTA 5,ON US
780170172,NOR,BD0700030191,0,0,Female,MAR,NOT CONTACTLESS,BANDUNG,ON US
-90139999,NOR,SB0700042474,0,0,Male,MAR,NOT CONTACTLESS,SURABAYA,ON US
1775625794,NOR,HQ1100116819,L,Z,Male,MAR,NOT CONTACTLESS,JAKARTA 4,ON US
-1142039790,NOR,LF1150279965,0,Z,Female,MAR,NOT CONTACTLESS,JAKARTA 5,ON US
2049652879,NOR,LF1140120866,0,Z,Male,MAR,NOT CONTACTLESS,JAKARTA 4,ON US
-112794516,NOR,,0,0,Male,MAR,NOT CONTACTLESS,JAKARTA 3,ON US
-1476051858,BCO,BP1300007915,B,S,Female,MAR,NOT CONTACTLESS,JAKARTA 5,ON US
-1960910100,NOR,LF1140266058,0,Y,Female,MAR,NOT CONTACTLESS,JAKARTA 5,ON US
-1209874447,BCO,BP1400013590,B,Z,Female,MAR,NOT CONTACTLESS,BALIKPAPAN,ON US
-1531794700,NOR,LF1140406391,0,Z,Male,MAR,NOT CONTACTLESS,SURABAYA,ON US
-1897021508,NOR,LF1175007678,B,B,Female,MAR,NOT CONTACTLESS,BANDUNG,ON US
-874957852,BCO,BP1200037576,B,S,Male,MAR,NOT CONTACTLESS,BALIKPAPAN,ON US
1409710964,BCO,LF1130011675,B,S,Male,MAR,NOT CONTACTLESS,JAKARTA 5,ON US
-2028569794,BCO,SB1000012954,0,0,Female,MAR,NOT CONTACTLESS,DENPASAR,ON US
-1488631774,CLS,C23032701704,0,0,Male,MAR,CONTACTLESS,JAKARTA 4,ON US
-1906212323,WMG,,0,0,Male,MAR,NOT CONTACTLESS,JAKARTA 3,ON US
2059243200,BCO,C22102801384,0,0,Female,MAR,NOT CONTACTLESS,BANDUNG,ON US
443597410,BCO,C23052700524,0,0,Female,MAR,NOT CONTACTLESS,JAKARTA 3,ON US
-1564134526,WMG,C23070400902,0,0,Female,MAR,NOT CONTACTLESS,JAKARTA 5,ON US
1030153171,CLS,C22041200713,0,0,Male,MAR,NOT CONTACTLESS,BALIKPAPAN,ON US
-1960027940,BCO,C22090800537,0,0,Male,MAR,NOT CONTACTLESS,SEMARANG,ON US
1735273231,NOR,C23050500582,0,0,Male,MAR,NOT CONTACTLESS,SEMARANG,ON US
4921343,BCO,C23072402155,0,0,Male,MAR,NOT CONTACTLESS,JAKARTA 3,ON US
-425152204,NOR,LF1175517114,B,B,Male,SIN,NOT CONTACTLESS,JAKARTA 5,ON US
-764884482,NOR,C22060400183,0,0,Male,MAR,NOT CONTACTLESS,MEDAN,ON US
-770104557,NOR,SM1300015704,B,G,Female,MAR,NOT CONTACTLESS,SEMARANG,ON US
-1876757439,NOR,LF1165157946,0,0,Female,SIN,CONTACTLESS,JAKARTA 4,ON US
-151882731,NOR,HQ1300022209,0,A,Male,MAR,CONTACTLESS,JAKARTA 5,ON US
-1512836336,BCO,C21062201079,0,0,Male,SIN,CONTACTLESS,JAKARTA 4,ON US
-243850098,BCO,C21100501961,0,0,Male,SIN,CONTACTLESS,JAKARTA 5,ON US
584767652,BCO,MD1100035538,0,E,Female,MAR,CONTACTLESS,JAKARTA 4,ON US
-46497932,NOR,C23101601228,0,0,Female,MAR,CONTACTLESS,JAKARTA 5,ON US
1370840066,NOR,,0,0,Female,SIN,CONTACTLESS,JAKARTA 5,ON US
474528236,VIP,C23080900991,0,0,Female,SIN,NOT CONTACTLESS,JAKARTA 3,ON US
-1099386972,BCO,C23011702092,0,0,Male,SIN,NOT CONTACTLESS,JAKARTA 3,ON US
607040060,NOR,BD1200013798,M,H,Male,SIN,CONTACTLESS,BANDUNG,ON US
101837059,BCO,LF3140014828,0,Z,Female,MAR,CONTACTLESS,MAKASSAR,ON US
-189144560,CLS,HQ1100041926,F,V,Female,MAR,NOT CONTACTLESS,JAKARTA 5,ON US
629235295,BCO,BD1200007111,L,Z,Male,CNV,NOT CONTACTLESS,BANDUNG,ON US
-826583391,PTR,HQ1300014894,0,E,Female,SIN,NOT CONTACTLESS,JAKARTA 5,ON US
-837167165,NOR,C19013101264,0,0,Male,MAR,NOT CONTACTLESS,SEMARANG,ON US
-513519716,BCO,C22072002731,0,0,Male,MAR,NOT CONTACTLESS,JAKARTA 5,ON US
1894665301,BCO,C22080102479,0,0,Male,MAR,NOT CONTACTLESS,MEDAN,ON US
1670280290,BCO,C23070400920,0,0,Male,SIN,NOT CONTACTLESS,JAKARTA 4,ON US
1879752527,WMG,C22051101901,0,0,Male,MAR,NOT CONTACTLESS,SEMARANG,ON US
1437482594,WMG,C23050201384,0,0,Female,SIN,CONTACTLESS,BALIKPAPAN,ON US
-1771546100,WMG,C23082300546,0,0,Male,MAR,CONTACTLESS,BALIKPAPAN,ON US
1196603055,BCO,C21060200847,0,0,Male,MAR,NOT CONTACTLESS,JAKARTA 3,ON US
-1848324939,BCO,C19092100120,0,0,Female,MAR,NOT CONTACTLESS,JAKARTA 3,ON US
-826462379,BCO,SB1200020544,B,V,Female,MAR,NOT CONTACTLESS,SURABAYA,ON US
-2062789826,NOR,HQ1000088355,0,0,Female,MAR,NOT CONTACTLESS,JAKARTA 5,ON US
1909774532,FFL,SB1100045547,F,V,Male,CNV,NOT CONTACTLESS,SURABAYA,ON US
1498775797,NOR,HQ0800019769,0,0,Male,SIN,NOT CONTACTLESS,JAKARTA 5,ON US
-2072787891,BCO,LF1130045469,B,G,Male,MAR,NOT CONTACTLESS,MEDAN,ON US
1602882764,NOR,HQ1200304752,0,V,Female,MAR,NOT CONTACTLESS,JAKARTA 3,ON US
306576606,NOR,SM1300019937,B,G,Male,SIN,NOT CONTACTLESS,SEMARANG,ON US
2020133230,NOR,LF1140127475,0,Z,Male,SIN,NOT CONTACTLESS,JAKARTA 5,ON US
321912813,NOR,LF1140522358,B,Z,Male,SIN,NOT CONTACTLESS,JAKARTA 4,ON US
-609847474,NOR,LF1140468980,0,Z,Female,MAR,NOT CONTACTLESS,SURABAYA,ON US
-1650757265,NOR,LF1150691547,B,B,Female,MAR,NOT CONTACTLESS,JAKARTA 4,ON US
-1528649475,NOR,LF1175302891,B,T,Male,SIN,NOT CONTACTLESS,SEMARANG,ON US
-122274416,BCO,LF1130187023,0,G,Female,SIN,NOT CONTACTLESS,JAKARTA 4,ON US
-1833604163,NOR,BD0900034746,0,0,Female,MAR,NOT CONTACTLESS,BANDUNG,ON US
1792660108,STF,LF1130167071,B,S,Male,SIN,NOT CONTACTLESS,BANDUNG,ON US
-1928539788,FFL,BD1100049365,F,V,Female,MAR,NOT CONTACTLESS,BANDUNG,ON US
1223587679,NOR,,0,0,Female,MAR,NOT CONTACTLESS,DENPASAR,ON US
1359045552,BCO,C18121401253,0,0,Male,MAR,NOT CONTACTLESS,JAKARTA 5,ON US
-1645980065,NOR,,0,0,Male,MAR,NOT CONTACTLESS,MEDAN,ON US
1454543088,VIP,LF1165705465,B,B,Male,MAR,NOT CONTACTLESS,JAKARTA 3,ON US
-281272767,BCO,C19101803144,0,0,Male,MAR,NOT CONTACTLESS,JAKARTA 3,ON US
-1267369042,BCO,C22070900218,0,0,Male,SIN,NOT CONTACTLESS,JAKARTA 5,ON US
430265236,BCO,C21101502885,0,0,Male,MAR,NOT CONTACTLESS,JAKARTA 5,ON US
-159627356,BCO,C21112701036,0,0,Male,MAR,NOT CONTACTLESS,JAKARTA 3,ON US
1963705314,BCO,C23011600761,0,0,Female,SIN,NOT CONTACTLESS,JAKARTA 4,ON US
1625445292,NOR,MK1300008092,B,G,Male,MAR,NOT CONTACTLESS,JAYAPURA,ON US
-270589860,BCO,SB1300009628,B,V,Female,MAR,NOT CONTACTLESS,SURABAYA,ON US
-1843179611,BCO,C19071004995,0,0,Male,MAR,NOT CONTACTLESS,MEDAN,ON US
1849345294,BCO,LF1130142329,B,G,Male,MAR,NOT CONTACTLESS,JAKARTA 3,ON US
1559557232,BCO,LF1140313363,0,Z,Male,MAR,CONTACTLESS,JAKARTA 4,ON US
-762346867,DEP,LF2140013396,0,Z,Female,MAR,CONTACTLESS,PALEMBANG,ON US
1039266657,NOR,LF3130001091,B,G,Female,MAR,CONTACTLESS,MAKASSAR,ON US
1070940140,BCO,C21062200055,0,0,Male,MAR,CONTACTLESS,SURABAYA,ON US
652785312,COR,C21072100850,0,0,Female,MAR,CONTACTLESS,JAKARTA 5,ON US
777906655,BCO,C22052800141,0,0,Male,MAR,CONTACTLESS,JAKARTA 4,ON US
1032527059,COR,C22062802488,0,0,Male,SIN,NOT CONTACTLESS,SURABAYA,ON US
1391010132,STF,C23030101250,0,0,Female,SIN,NOT CONTACTLESS,JAKARTA 4,ON US
-1177819826,NOR,C23071501138,0,0,Male,MAR,NOT CONTACTLESS,MEDAN,ON US
-1482857980,BCO,LF1140578947,B,B,Male,MAR,CONTACTLESS,BANDUNG,ON US
1380795555,NOR,HQ0900246077,0,0,Female,MAR,CONTACTLESS,JAKARTA 4,ON US
1809630112,NOR,HQ0900115303,0,0,Female,SIN,NOT CONTACTLESS,JAKARTA 5,ON US
1532693903,BCO,HQ1200138484,0,S,Male,MAR,NOT CONTACTLESS,JAKARTA 3,ON US
-1711769792,NOR,BP1200016177,F,G,Male,SIN,NOT CONTACTLESS,SEMARANG,ON US
474031777,STF,C19072401498,0,0,Male,MAR,NOT CONTACTLESS,JAKARTA 5,ON US
-884322177,BCO,C21072901364,0,0,Male,MAR,NOT CONTACTLESS,MEDAN,ON US
-236661502,BCO,C23121202600,0,0,Male,MAR,NOT CONTACTLESS,JAKARTA 3,ON US
306963090,COR,SB1000024805,0,0,Female,MAR,NOT CONTACTLESS,SURABAYA,ON US
-1757982622,BCO,HQ1200357253,0,E,Female,MAR,NOT CONTACTLESS,SURABAYA,ON US
-667912592,BCO,C21090801094,0,0,Male,MAR,NOT CONTACTLESS,JAKARTA 4,ON US
2051154949,BCO,C23071002373,0,0,Male,MAR,NOT CONTACTLESS,BANDUNG,ON US
948459612,WMG,C20031900840,0,0,Female,MAR,NOT CONTACTLESS,JAKARTA 3,ON US
-49196051,WMG,C23073102142,0,0,Male,MAR,CONTACTLESS,SURABAYA,ON US
-883812209,PTR,LF1175917250,I,E,Male,MAR,NOT CONTACTLESS,PALEMBANG,ON US
-1044109891,BCO,C20031901784,0,0,Female,SIN,NOT CONTACTLESS,JAKARTA 4,ON US
-861261778,BCO,C22082902776,0,0,Male,MAR,NOT CONTACTLESS,SURABAYA,ON US
-1061592386,BCO,C22121302148,0,0,Male,SIN,NOT CONTACTLESS,BANDUNG,ON US
2070397794,NOR,C22030400030,0,0,Male,MAR,NOT CONTACTLESS,MEDAN,ON US
154477060,NOR,C23122171027,0,0,Female,MAR,NOT CONTACTLESS,MEDAN,ON US
-1899469852,BCO,,0,0,Female,SIN,NOT CONTACTLESS,MAKASSAR,ON US
626340357,NOR,LF1165693651,B,B,Female,SIN,NOT CONTACTLESS,JAKARTA 4,ON US
1638540434,NOR,HQ0600083977,0,0,Female,MAR,NOT CONTACTLESS,JAKARTA 5,ON US
832160529,COR,PB1000034012,0,0,Male,MAR,NOT CONTACTLESS,JAKARTA 4,ON US
-963356044,BCO,BD1200013314,B,S,Male,MAR,NOT CONTACTLESS,BANDUNG,ON US
-285194704,BCO,BP1300024922,B,B,Male,MAR,NOT CONTACTLESS,BALIKPAPAN,ON US
-446678803,BCO,HQ1100263737,0,V,Male,MAR,NOT CONTACTLESS,JAKARTA 4,ON US
-1531832349,NOR,LF1175024025,B,B,Male,MAR,NOT CONTACTLESS,JAKARTA 5,ON US
-841937295,NOR,SM1300009776,B,G,Male,MAR,NOT CONTACTLESS,SEMARANG,ON US
1925204724,BCO,C23110303087,0,0,Male,SIN,CONTACTLESS,MEDAN,ON US
1731484533,WMG,C19041002368,0,0,Female,MAR,NOT CONTACTLESS,JAKARTA 5,ON US
-483352348,NOR,LF1175247804,B,B,Male,MAR,NOT CONTACTLESS,JAKARTA 3,ON US
475107301,NOR,LF1140326637,0,Z,Male,MAR,NOT CONTACTLESS,JAKARTA 4,ON US
459350208,NOR,LF1175413585,B,F,Male,MAR,NOT CONTACTLESS,JAKARTA 3,ON US
-128510002,NOR,SM0700023848,0,0,Male,MAR,NOT CONTACTLESS,SEMARANG,ON US
1518913904,BCO,C21093000210,0,0,Male,MAR,NOT CONTACTLESS,BALIKPAPAN,ON US
1951087058,BCO,C23022100486,0,0,Male,SIN,NOT CONTACTLESS,MEDAN,ON US
208980112,NOR,LF1140560676,I,E,Male,MAR,NOT CONTACTLESS,JAKARTA 3,ON US
-1015699923,NOR,C19103102163,0,0,Male,MAR,CONTACTLESS,MEDAN,ON US
-477524526,NOR,,0,0,Female,MAR,CONTACTLESS,JAKARTA 4,ON US
1537417759,NOR,,0,0,Male,MAR,CONTACTLESS,SURABAYA,ON US
1676962773,BCO,,0,0,Male,MAR,CONTACTLESS,JAKARTA 3,ON US
-757862412,NOR,C19020602379,0,0,Female,MAR,CONTACTLESS,JAKARTA 3,ON US
-1049434482,NOR,C18091401105,0,0,Female,MAR,NOT CONTACTLESS,JAKARTA 4,ON US
1554075522,NOR,C21122301906,0,0,Female,MAR,NOT CONTACTLESS,BANDUNG,ON US
-1587803244,BCO,C23020801247,0,0,Male,MAR,NOT CONTACTLESS,JAKARTA 5,ON US
1086542739,NOR,BD0800009699,0,0,Female,SIN,NOT CONTACTLESS,BANDUNG,ON US
135668260,NOR,LF1120057080,F,V,Male,MAR,NOT CONTACTLESS,BALIKPAPAN,ON US
-1918482244,NOR,LF1140268186,0,Z,Female,MAR,NOT CONTACTLESS,SURABAYA,ON US
1334174915,NOR,BD0800009917,0,0,Male,MAR,NOT CONTACTLESS,BANDUNG,ON US
63693235,NOR,LF1130041019,I,E,Male,SIN,NOT CONTACTLESS,SURABAYA,ON US
-239632624,NOR,LF1150403568,0,B,Male,SIN,NOT CONTACTLESS,JAKARTA 5,ON US
-1351013650,NOR,C23112102041,0,0,Male,SIN,NOT CONTACTLESS,PALEMBANG,ON US
956725437,NOR,C23030902834,0,0,Female,MAR,NOT CONTACTLESS,MEDAN,ON US
1900669820,NOR,HQ0800037033,0,0,Female,SIN,NOT CONTACTLESS,JAKARTA 4,ON US
-1139912523,NOR,LF1140071822,0,Z,Male,MAR,NOT CONTACTLESS,JAKARTA 5,ON US
-1793522770,BCO,MD1400032248,B,Z,Female,MAR,NOT CONTACTLESS,MEDAN,ON US
1553629076,BCO,C19020800414,0,0,Female,MAR,NOT CONTACTLESS,JAKARTA 4,ON US
-1284209790,BCO,C19052804112,0,0,Female,SIN,NOT CONTACTLESS,BANDUNG,ON US
-1802221854,NOR,LF1140447723,0,Z,Female,MAR,NOT CONTACTLESS,SURABAYA,ON US
-1623341746,BCO,C21090200190,0,0,Male,SIN,NOT CONTACTLESS,SURABAYA,ON US
-1861824412,PTR,LF1175168723,0,E,Male,SIN,NOT CONTACTLESS,BANDUNG,ON US
2116912766,NOR,C18070401009,0,0,Female,MAR,NOT CONTACTLESS,JAKARTA 3,ON US
-1289207115,BCO,C20022200517,0,0,Male,MAR,NOT CONTACTLESS,SURABAYA,ON US
-2004336863,STF,C23112400530,0,0,Female,MAR,NOT CONTACTLESS,BANDUNG,ON US
-263631984,NOR,C23040700166,0,0,Male,SIN,NOT CONTACTLESS,BANDUNG,ON US
-520717439,NOR,C23110301731,0,0,Female,MAR,NOT CONTACTLESS,MAKASSAR,ON US
-1208269677,NOR,C19070201815,0,0,Female,MAR,NOT CONTACTLESS,BANDUNG,ON US
-914532846,BCO,C23071700136,0,0,Male,SIN,NOT CONTACTLESS,JAKARTA 5,ON US
-1344937469,NOR,MK0800002488,0,0,Female,SIN,NOT CONTACTLESS,MAKASSAR,ON US
-294054523,CLS,,0,0,Female,MAR,NOT CONTACTLESS,JAKARTA 3,ON US
2082305061,NOR,SM0900018827,0,0,Female,MAR,NOT CONTACTLESS,SEMARANG,ON US
192815294,NOR,LF2150017686,0,B,Male,MAR,NOT CONTACTLESS,PALEMBANG,ON US
-1678784763,NOR,LF1150195845,B,B,Female,MAR,NOT CONTACTLESS,SURABAYA,ON US
-1785449841,NOR,HQ0800002434,0,0,Female,SIN,NOT CONTACTLESS,JAKARTA 5,ON US
583707612,BCO,LF1130140286,B,G,Female,MAR,NOT CONTACTLESS,JAKARTA 4,ON US
585204910,NOR,HQ0600112625,0,0,Male,MAR,NOT CONTACTLESS,SURABAYA,ON US
-78388755,NOR,HQ1100118353,F,V,Male,MAR,NOT CONTACTLESS,JAKARTA 3,ON US
-888730092,CLS,HQ1200297401,0,E,Male,MAR,NOT CONTACTLESS,JAKARTA 4,ON US
1507945797,NOR,,0,0,Male,MAR,NOT CONTACTLESS,PALEMBANG,ON US
2039482389,NOR,LF1175467575,B,B,Male,MAR,NOT CONTACTLESS,JAKARTA 3,ON US
-965363389,GVT,LF1175931185,B,B,Male,MAR,NOT CONTACTLESS,JAKARTA 4,ON US
-2001351459,BCO,LF1175953214,0,B,Male,MAR,NOT CONTACTLESS,BANDUNG,ON US
-1670344204,NOR,LF1120102049,0,G,Male,MAR,NOT CONTACTLESS,JAKARTA 5,ON US
-845379790,NOR,BP1300019852,B,B,Male,MAR,NOT CONTACTLESS,BANDUNG,ON US
1860332765,NOR,,0,0,Male,MAR,NOT CONTACTLESS,JAKARTA 5,ON US
-1732882180,NOR,LF1155332774,0,0,Female,MAR,NOT CONTACTLESS,JAKARTA 4,ON US
-1394959827,BCO,,0,0,Female,MAR,NOT CONTACTLESS,JAKARTA 3,ON US
1067324527,NOR,C19012103145,0,0,Male,MAR,CONTACTLESS,JAKARTA 4,ON US
1417904876,WMG,,0,0,Female,MAR,NOT CONTACTLESS,JAKARTA 5,ON US
336613234,NOR,,0,0,Male,SIN,NOT CONTACTLESS,SEMARANG,ON US
-680214703,BCO,C22062801219,0,0,Male,MAR,NOT CONTACTLESS,SURABAYA,ON US
1107259939,VIP,C22093001461,0,0,Male,MAR,NOT CONTACTLESS,JAKARTA 4,ON US
-340335056,BCO,C22111001140,0,0,Male,MAR,NOT CONTACTLESS,JAKARTA 3,ON US
-271097171,BCO,C23082401088,0,0,Male,MAR,NOT CONTACTLESS,JAKARTA 5,ON US
2068190386,NOR,LF1175882529,B,B,Male,MAR,NOT CONTACTLESS,JAKARTA 4,ON US
-674569538,NOR,C21091501421,0,0,Male,MAR,NOT CONTACTLESS,SEMARANG,ON US
1242683907,NOR,C21092500607,0,0,Male,MAR,NOT CONTACTLESS,MAKASSAR,ON US
-1050359824,NOR,C23102800677,0,0,Male,MAR,NOT CONTACTLESS,SURABAYA,ON US
1875830175,BCO,HQ0800093547,0,0,Female,MAR,NOT CONTACTLESS,JAKARTA 3,ON US
1420975053,NOR,C22102703210,0,0,Female,MAR,NOT CONTACTLESS,BALIKPAPAN,ON US
-1632214208,NOR,,0,0,Male,MAR,NOT CONTACTLESS,SURABAYA,ON US
-759539677,BCO,C19122300895,0,0,Male,SIN,CONTACTLESS,JAKARTA 3,ON US
1332742877,BCO,C21062901977,0,0,Female,SIN,CONTACTLESS,JAKARTA 4,ON US
123760068,BCO,SB0800033523,0,0,Male,MAR,CONTACTLESS,SURABAYA,ON US
-2102319650,NOR,C23060600166,0,0,Male,SIN,CONTACTLESS,JAKARTA 3,ON US
188450351,NOR,LF1150252731,0,B,Male,MAR,CONTACTLESS,JAKARTA 4,ON US
-1576734417,NOR,C23072403204,0,0,Male,MAR,NOT CONTACTLESS,MEDAN,ON US
-903889506,NOR,C18083000942,0,0,Male,MAR,CONTACTLESS,JAKARTA 3,ON US
-597307171,NOR,C19062700829,0,0,Male,MAR,CONTACTLESS,PALEMBANG,ON US
-714677475,NOR,HQ0900075822,0,0,Female,MAR,NOT CONTACTLESS,JAKARTA 3,ON US
1863145557,NOR,LF1150068946,B,Z,Male,MAR,NOT CONTACTLESS,JAKARTA 5,ON US
-439232740,NOR,PB1100036545,F,V,Female,MAR,NOT CONTACTLESS,PALEMBANG,ON US
1427115794,NOR,HQ0800017602,0,0,Male,MAR,NOT CONTACTLESS,JAKARTA 5,ON US
-513694479,NOR,BD1200064469,M,H,Male,MAR,NOT CONTACTLESS,JAKARTA 5,ON US
-1964450687,NOR,C23101300966,0,0,Male,MAR,NOT CONTACTLESS,JAKARTA 4,ON US
2025697644,NOR,LF1140445545,B,Z,Male,SIN,NOT CONTACTLESS,JAKARTA 5,ON US
51625872,NOR,C18110500892,0,0,Male,MAR,NOT CONTACTLESS,JAKARTA 4,ON US
-1265661780,NOR,LF1140167133,0,Z,Male,SIN,NOT CONTACTLESS,SEMARANG,ON US
1631383694,BCO,C21110202180,0,0,Female,SIN,NOT CONTACTLESS,JAKARTA 5,ON US
-1788869531,NOR,LF1140132127,0,Z,Female,CNV,NOT CONTACTLESS,JAKARTA 4,ON US
-2071316764,NOR,LF1150346440,0,B,Male,MAR,NOT CONTACTLESS,MEDAN,ON US
-1965349967,NOR,C19080702691,0,0,Female,MAR,NOT CONTACTLESS,JAKARTA 3,ON US
-1486494976,BCO,C19030600049,0,0,Male,MAR,NOT CONTACTLESS,SEMARANG,ON US
991110351,BCO,C20010901607,0,0,Male,SIN,NOT CONTACTLESS,JAKARTA 4,ON US
534413090,NOR,LF1150824129,F,Y,Male,MAR,NOT CONTACTLESS,MEDAN,ON US
-1823877644,BCO,C19052903466,0,0,Male,SIN,NOT CONTACTLESS,JAKARTA 3,ON US
-1602197468,BCO,C19112901373,0,0,Female,MAR,NOT CONTACTLESS,SURABAYA,ON US
101282884,NOR,C22081903508,0,0,Male,SIN,NOT CONTACTLESS,SURABAYA,ON US
-1441589793,WMG,C22082502020,0,0,Female,MAR,NOT CONTACTLESS,SEMARANG,ON US
-1510257393,NOR,C23102500089,0,0,Female,MAR,NOT CONTACTLESS,JAKARTA 4,ON US
1780490064,NOR,C23110400322,0,0,Female,MAR,NOT CONTACTLESS,MEDAN,ON US
-754632797,NOR,HQ0700198165,0,0,Female,SIN,NOT CONTACTLESS,JAKARTA 5,ON US
-837929824,BCO,,0,0,Female,SIN,NOT CONTACTLESS,DENPASAR,ON US
1976643134,NOR,HQ0800041501,0,0,Female,MAR,NOT CONTACTLESS,SURABAYA,ON US
-1746721777,PTR,HQ1400001810,I,E,Female,SIN,NOT CONTACTLESS,JAKARTA 5,ON US
-584989826,NOR,LF1140242555,0,Z,Male,MAR,NOT CONTACTLESS,JAKARTA 3,ON US
1792264672,NOR,LF1140255925,0,Z,Male,MAR,NOT CONTACTLESS,SEMARANG,ON US
29855298,NOR,LF1175462351,B,B,Male,SIN,NOT CONTACTLESS,SURABAYA,ON US
-321721364,NOR,LF1175694894,B,F,Male,SIN,NOT CONTACTLESS,BANDUNG,ON US
1852259886,BCO,C21082701016,0,0,Female,SIN,CONTACTLESS,JAKARTA 4,ON US
-93762379,NOR,LF1165380550,0,0,Male,SIN,NOT CONTACTLESS,BANDUNG,ON US
-1917282623,NOR,LF1120050103,F,V,Male,SIN,NOT CONTACTLESS,MEDAN,ON US
-1793882819,BCO,C19122303147,0,0,Female,MAR,NOT CONTACTLESS,DENPASAR,ON US
624534526,VIP,C21042700004,0,0,Female,DIV,NOT CONTACTLESS,JAKARTA 5,ON US
2034900352,BCO,C21030500456,0,0,Male,SIN,NOT CONTACTLESS,JAKARTA 5,ON US
-2094711857,BCO,HQ1200265391,0,G,Male,MAR,NOT CONTACTLESS,JAKARTA 5,ON US
-161164530,WMG,C19071000780,0,0,Male,MAR,NOT CONTACTLESS,JAKARTA 5,ON US
75163235,BCO,BD1300010531,B,S,Male,MAR,NOT CONTACTLESS,BANDUNG,ON US
60544708,BCO,C21092100471,0,0,Male,MAR,NOT CONTACTLESS,SURABAYA,ON US
1264845585,BCO,C22111700692,0,0,Female,MAR,NOT CONTACTLESS,JAKARTA 4,ON US
-813249649,NOR,C23100403165,0,0,Male,MAR,NOT CONTACTLESS,JAKARTA 3,ON US
-1971131504,NOR,BD1200061323,B,G,Male,MAR,NOT CONTACTLESS,BANDUNG,ON US
1433742765,VIP,,0,0,Female,MAR,NOT CONTACTLESS,JAKARTA 5,ON US
-59226095,FFL,HQ1100340538,F,V,Female,MAR,NOT CONTACTLESS,JAKARTA 5,ON US
1981269939,NOR,HQ1200295148,0,V,Female,MAR,NOT CONTACTLESS,JAKARTA 4,ON US
1487234499,NOR,C23083102934,0,0,Female,MAR,NOT CONTACTLESS,JAKARTA 5,ON US
-1191280929,NOR,C23101400909,0,0,Male,SIN,NOT CONTACTLESS,JAKARTA 3,ON US
-47554700,BCO,PB1000025244,0,0,Male,MAR,CONTACTLESS,PALEMBANG,ON US
-47554700,BCO,PB1000025244,0,0,Male,MAR,CONTACTLESS,PALEMBANG,ON US
1036352145,NOR,C21102101303,0,0,Male,SIN,CONTACTLESS,JAKARTA 3,ON US
-118024205,BCO,C22112101477,0,0,Male,MAR,CONTACTLESS,SEMARANG,ON US
-1451453662,BCO,C23040501998,0,0,Male,MAR,CONTACTLESS,JAKARTA 5,ON US
352314444,BCO,C23042601424,0,0,Female,MAR,CONTACTLESS,BALIKPAPAN,ON US
2079953229,NOR,LF1140179823,0,Z,Female,MAR,CONTACTLESS,SEMARANG,ON US
196355540,NOR,C23082102340,0,0,Female,SIN,NOT CONTACTLESS,JAKARTA 5,ON US
2010914467,NOR,C23103002145,0,0,Female,MAR,NOT CONTACTLESS,SURABAYA,ON US
-721704063,NOR,LF2150014122,B,B,Male,SIN,CONTACTLESS,JAKARTA 5,ON US
-726191457,NOR,HQ0900270999,0,0,Female,MAR,CONTACTLESS,JAKARTA 5,ON US
-486250098,NOR,MK1300019366,B,S,Female,MAR,NOT CONTACTLESS,MAKASSAR,ON US
-41820692,BCO,C18082001274,0,0,Male,SIN,NOT CONTACTLESS,BANDUNG,ON US
1612120437,NOR,SM1200043508,F,V,Female,SIN,NOT CONTACTLESS,SEMARANG,ON US
-431070065,NOR,SM1000005492,0,0,Male,MAR,NOT CONTACTLESS,SEMARANG,ON US
-308954596,BCO,C22041901268,0,0,Male,SIN,NOT CONTACTLESS,PALEMBANG,ON US
82582831,NOR,C22122802351,0,0,Female,MAR,NOT CONTACTLESS,BANDUNG,ON US
-1351657300,NOR,LF1120043101,M,H,Female,MAR,NOT CONTACTLESS,SURABAYA,ON US
-2096756912,NOR,BD1200047726,M,H,Male,MAR,NOT CONTACTLESS,BANDUNG,ON US
-1570128798,NOR,C23082803633,0,0,Male,MAR,NOT CONTACTLESS,SURABAYA,ON US
-1618942342,NOR,HQ0700196992,0,0,Female,MAR,NOT CONTACTLESS,SURABAYA,ON US
1218131250,PTR,LF1175524284,0,Y,Female,SIN,NOT CONTACTLESS,JAKARTA 4,ON US
635704532,BCO,LF1175746352,B,B,Female,MAR,NOT CONTACTLESS,JAKARTA 3,ON US
1139375300,NOR,C19011803393,0,0,Male,SIN,NOT CONTACTLESS,SEMARANG,ON US
-2122372318,BCO,C19031300388,0,0,Male,MAR,NOT CONTACTLESS,JAKARTA 3,ON US
1787262813,BCO,SM1100031722,B,S,Male,MAR,NOT CONTACTLESS,SEMARANG,ON US
437570062,BCO,C22092701844,0,0,Female,MAR,NOT CONTACTLESS,JAKARTA 4,ON US
145534721,CLS,C23082800255,0,0,Female,MAR,NOT CONTACTLESS,JAKARTA 4,ON US
1726422348,NOR,MK1000018832,0,0,Female,SIN,NOT CONTACTLESS,MAKASSAR,ON US
666387729,NOR,HQ1000057607,0,0,Male,MAR,NOT CONTACTLESS,JAKARTA 5,ON US
17357501,NOR,BD0700032857,0,0,Female,MAR,NOT CONTACTLESS,BANDUNG,ON US
-1912069471,NOR,HQ0900044849,0,0,Male,MAR,NOT CONTACTLESS,MEDAN,ON US
-1555087468,CLS,SB0700048522,0,0,Female,MAR,NOT CONTACTLESS,SURABAYA,ON US
-2085109502,NOR,SM1300009680,B,G,Male,MAR,NOT CONTACTLESS,SEMARANG,ON US
1923522532,BCO,LF1130032314,0,G,Female,MAR,NOT CONTACTLESS,JAKARTA 3,ON US
1780139314,NOR,LF1140394924,0,Y,Female,MAR,NOT CONTACTLESS,JAKARTA 3,ON US
536582389,BCO,BP1300009204,B,B,Male,MAR,NOT CONTACTLESS,BANDUNG,ON US
1794285790,BCO,C23050502965,0,0,Male,MAR,CONTACTLESS,JAKARTA 5,ON US
-1353826861,BCO,,0,0,Male,MAR,NOT CONTACTLESS,BALIKPAPAN,ON US
-242889821,WMG,,0,0,Male,MAR,NOT CONTACTLESS,BALIKPAPAN,ON US
516369903,VIP,C19112202647,0,0,Male,MAR,NOT CONTACTLESS,JAKARTA 5,ON US
-389012588,BCO,C21120301373,0,0,Female,MAR,NOT CONTACTLESS,JAKARTA 3,ON US
-36251887,NOR,C22062702836,0,0,Male,MAR,NOT CONTACTLESS,JAKARTA 5,ON US
-1339522803,NOR,HQ0700005395,0,0,Female,MAR,NOT CONTACTLESS,JAKARTA 3,ON US
1845906612,NOR,C22082203522,0,0,Male,MAR,NOT CONTACTLESS,SEMARANG,ON US
-1077159499,NOR,C23072400379,0,0,Male,SIN,NOT CONTACTLESS,JAKARTA 5,ON US
-1751255084,WMG,C23082900169,0,0,Female,SIN,NOT CONTACTLESS,SURABAYA,ON US
730067404,NOR,C21091303422,0,0,Female,MAR,NOT CONTACTLESS,JAKARTA 4,ON US
-1387463344,BCO,C22042000854,0,0,Male,MAR,NOT CONTACTLESS,JAKARTA 3,ON US
-1535397121,BCO,C23020100860,0,0,Male,MAR,NOT CONTACTLESS,MAKASSAR,ON US
-1799214412,VIP,C19082900801,0,0,Male,MAR,NOT CONTACTLESS,SURABAYA,ON US
702785438,BCO,C19112702036,0,0,Male,SIN,NOT CONTACTLESS,JAKARTA 5,ON US
393837644,BCO,LF1175937251,B,Y,Male,MAR,NOT CONTACTLESS,MEDAN,ON US
-724599999,VIP,LF1165778437,B,B,Female,MAR,NOT CONTACTLESS,JAKARTA 5,ON US
-1721589044,BCO,C19012203039,0,0,Male,MAR,CONTACTLESS,SURABAYA,ON US
285147649,BCO,C19091603849,0,0,Male,MAR,CONTACTLESS,SURABAYA,ON US
652785312,COR,C21072100850,0,0,Female,MAR,CONTACTLESS,JAKARTA 5,ON US
-301247442,NOR,C20022501898,0,0,Male,MAR,CONTACTLESS,BANDUNG,ON US
572490432,BCO,LF1150420580,0,B,Male,MAR,CONTACTLESS,BALIKPAPAN,ON US
1265712733,NOR,HQ1100191803,H,A,Female,MAR,CONTACTLESS,JAKARTA 5,ON US
-1679112417,BCO,C19052103577,0,0,Female,MAR,CONTACTLESS,SEMARANG,ON US
-921113392,STF,C21032900751,0,0,Female,MAR,NOT CONTACTLESS,JAKARTA 5,ON US
-810230542,STF,C23072502696,0,0,Male,SIN,NOT CONTACTLESS,JAKARTA 4,ON US
1670400066,STF,HQ0800180463,0,0,Female,MAR,CONTACTLESS,JAKARTA 4,ON US
1380427648,BCO,BP1300020125,B,B,Male,SIN,CONTACTLESS,BALIKPAPAN,ON US
-1522499,NOR,BD0700024708,0,0,Male,MAR,NOT CONTACTLESS,BANDUNG,ON US
-1065235116,NOR,MK0700018863,0,0,Male,MAR,NOT CONTACTLESS,MAKASSAR,ON US
1809630112,NOR,HQ0900115303,0,0,Female,SIN,NOT CONTACTLESS,JAKARTA 5,ON US
2088337820,BCO,HQ0800162873,0,0,Male,MAR,NOT CONTACTLESS,JAKARTA 4,ON US
-1233467259,NOR,HQ0900123064,0,0,Female,MAR,NOT CONTACTLESS,JAKARTA 5,ON US
704611196,NOR,,0,0,Male,MAR,NOT CONTACTLESS,JAKARTA 3,ON US
178339038,BCO,C21071200947,0,0,Male,SIN,NOT CONTACTLESS,JAKARTA 5,ON US
-2144080098,BCO,SB1300023935,0,V,Male,MAR,NOT CONTACTLESS,SURABAYA,ON US
-801617358,NOR,C23091600944,0,0,Female,SIN,NOT CONTACTLESS,JAKARTA 5,ON US
-556507889,NOR,C23121202332,0,0,Male,MAR,NOT CONTACTLESS,MEDAN,ON US
-428729964,BCO,HQ1200258000,0,S,Male,MAR,NOT CONTACTLESS,JAKARTA 4,ON US
-261294909,BCO,HQ1000419115,0,0,Female,SIN,NOT CONTACTLESS,JAKARTA 5,ON US
-31452411,BCO,C19053101462,0,0,Female,SIN,NOT CONTACTLESS,BANDUNG,ON US
-1037425277,BCO,C19091900826,0,0,Male,MAR,NOT CONTACTLESS,PALEMBANG,ON US
-346492812,BCO,C22010600805,0,0,Male,SIN,NOT CONTACTLESS,JAKARTA 4,ON US
-93045332,NOR,,0,0,Male,SIN,NOT CONTACTLESS,DENPASAR,ON US
1594260131,NOR,C19031200173,0,0,Male,SIN,NOT CONTACTLESS,SEMARANG,ON US
1445112531,NOR,C22120600453,0,0,Female,MAR,NOT CONTACTLESS,BANDUNG,ON US
1642393701,NOR,C23082202892,0,0,Male,MAR,NOT CONTACTLESS,SEMARANG,ON US
668225587,STF,C19032901020,0,0,Female,SIN,NOT CONTACTLESS,BALIKPAPAN,ON US
-913832740,BCO,C22122301349,0,0,Female,MAR,NOT CONTACTLESS,JAYAPURA,ON US
-416662243,NOR,C23112103964,0,0,Female,MAR,NOT CONTACTLESS,SURABAYA,ON US
1744194670,NOR,C23122070380,0,0,Male,MAR,NOT CONTACTLESS,MEDAN,ON US
-1907357234,STF,,0,0,Female,CNV,NOT CONTACTLESS,SURABAYA,ON US
-613472592,BCO,LF1165114915,0,0,Male,MAR,NOT CONTACTLESS,JAKARTA 4,ON US
1035192418,NOR,LF1140009931,0,I,Male,MAR,NOT CONTACTLESS,JAKARTA 3,ON US
-2113087987,NOR,LF1140515494,B,Z,Female,MAR,NOT CONTACTLESS,SEMARANG,ON US
-330172355,BCO,,0,0,Male,CNV,NOT CONTACTLESS,JAKARTA 4,ON US
-747529074,NOR,LF1175374856,0,B,Male,SIN,NOT CONTACTLESS,JAKARTA 5,ON US
-91832244,NOR,HQ1200231508,0,V,Male,MAR,NOT CONTACTLESS,JAKARTA 4,ON US
-336046092,NOR,LF1140420200,B,Z,Male,SIN,NOT CONTACTLESS,BANDUNG,ON US
-667194516,NOR,,0,0,Female,MAR,NOT CONTACTLESS,BANDUNG,ON US
-1192155120,NOR,,0,0,Male,MAR,NOT CONTACTLESS,SURABAYA,ON US
1784605410,BCO,C21052403181,0,0,Male,MAR,CONTACTLESS,JAKARTA 4,ON US
2137335236,NOR,LF1180260208,B,K,Female,MAR,NOT CONTACTLESS,SURABAYA,ON US
1636059823,VP5,C20020500216,0,0,Female,MAR,NOT CONTACTLESS,DENPASAR,ON US
-433822623,BCO,C19093003291,0,0,Male,MAR,NOT CONTACTLESS,JAKARTA 5,ON US
-769927440,BCO,C22122300059,0,0,Male,MAR,NOT CONTACTLESS,SURABAYA,ON US
2111354950,NOR,C21101102804,0,0,Male,MAR,NOT CONTACTLESS,JAKARTA 4,ON US
889704911,NOR,,0,0,Female,MAR,NOT CONTACTLESS,MEDAN,ON US
-999757935,BCO,C21112602972,0,0,Female,MAR,NOT CONTACTLESS,JAKARTA 3,ON US
1812533631,BCO,C22030700577,0,0,Male,SIN,NOT CONTACTLESS,JAKARTA 4,ON US
2094308494,NOR,SB1200054980,B,V,Male,MAR,NOT CONTACTLESS,SURABAYA,ON US
173695795,BCO,LF1140267404,0,G,Male,SIN,NOT CONTACTLESS,JAKARTA 3,ON US
306820069,NOR,,0,0,Male,SIN,NOT CONTACTLESS,JAKARTA 3,ON US
918685093,NOR,C22012900227,0,0,Male,MAR,NOT CONTACTLESS,MEDAN,ON US
1657130431,NOR,C23091601077,0,0,Female,MAR,NOT CONTACTLESS,JAKARTA 3,ON US
1845909907,BCO,LF1150701814,B,B,Male,MAR,NOT CONTACTLESS,SURABAYA,ON US
485407412,STF,C21022500416,0,0,Male,MAR,CONTACTLESS,PALEMBANG,ON US
746175536,BCO,C21052001333,0,0,Male,MAR,CONTACTLESS,JAKARTA 4,ON US
-214314066,NOR,C23020302664,0,0,Female,DIV,CONTACTLESS,JAKARTA 5,ON US
1069603060,NOR,C23030302562,0,0,Male,SIN,CONTACTLESS,JAKARTA 4,ON US
-312052588,BCO,C23090101108,0,0,Female,MAR,CONTACTLESS,JAKARTA 3,ON US
-1020725547,BCO,C23090700449,0,0,Male,MAR,CONTACTLESS,DENPASAR,ON US
2092359359,NOR,LF1165564792,0,B,Female,MAR,CONTACTLESS,JAKARTA 4,ON US
1580677647,BCO,LF1140507511,0,Z,Male,MAR,CONTACTLESS,JAKARTA 5,ON US
-1843027124,NOR,LF1120096251,0,Z,Male,MAR,CONTACTLESS,PALEMBANG,ON US
-1960104063,NOR,C23011701131,0,0,Male,SIN,NOT CONTACTLESS,JAKARTA 3,ON US
-1960104063,NOR,C23011701131,0,0,Male,SIN,NOT CONTACTLESS,JAKARTA 3,ON US
-684968800,NOR,SM1000017479,0,0,Female,DIV,NOT CONTACTLESS,SEMARANG,ON US
-2123601995,BCO,HQ1400001778,I,E,Male,SIN,NOT CONTACTLESS,JAKARTA 4,ON US
-262305120,NOR,LF1150825979,B,B,Female,MAR,NOT CONTACTLESS,JAKARTA 4,ON US
-749893388,NOR,LF1165140305,0,0,Male,SIN,NOT CONTACTLESS,BANDUNG,ON US
-959284912,NOR,LF1175019835,B,B,Female,MAR,NOT CONTACTLESS,JAKARTA 4,ON US
-1891052348,NOR,LF1175491569,0,B,Female,MAR,NOT CONTACTLESS,BALIKPAPAN,ON US
-1436250690,BCO,LF1130191193,0,G,Female,SIN,NOT CONTACTLESS,JAKARTA 5,ON US
-168326336,NOR,LF1140047341,B,Y,Female,MAR,NOT CONTACTLESS,JAKARTA 5,ON US
-263015275,NOR,LF1165390087,0,0,Male,MAR,NOT CONTACTLESS,BALIKPAPAN,ON US
-2038196050,BCO,C20070101520,0,0,Male,MAR,NOT CONTACTLESS,BANDUNG,ON US
325129903,NOR,C21081001562,0,0,Male,MAR,NOT CONTACTLESS,SEMARANG,ON US
-1969901452,NOR,C23051002806,0,0,Male,MAR,NOT CONTACTLESS,JAKARTA 4,ON US
1591670002,NOR,BD1000047368,0,0,Female,MAR,NOT CONTACTLESS,BANDUNG,ON US
-230829536,NOR,C23101400759,0,0,Female,MAR,NOT CONTACTLESS,DENPASAR,ON US
-1307625948,NOR,C23112201598,0,0,Male,MAR,NOT CONTACTLESS,SEMARANG,ON US
-1122232799,NOR,C23121901034,0,0,Female,MAR,NOT CONTACTLESS,BANDUNG,ON US
-1078156336,NOR,LF1140369707,0,Z,Male,MAR,NOT CONTACTLESS,JAKARTA 5,ON US
1244489068,NOR,C18100900756,0,0,Female,SIN,NOT CONTACTLESS,JAKARTA 4,ON US
-1184052573,NOR,C20022700114,0,0,Female,MAR,NOT CONTACTLESS,BANDUNG,ON US
-2141687149,WMG,C20030500545,0,0,Female,DIV,NOT CONTACTLESS,JAKARTA 5,ON US
1474472532,WMG,C21052701012,0,0,Male,MAR,NOT CONTACTLESS,BANDUNG,ON US
-561355085,WMG,C21062900640,0,0,Male,MAR,NOT CONTACTLESS,JAKARTA 4,ON US
396385549,WMG,C21081600641,0,0,Female,MAR,NOT CONTACTLESS,JAKARTA 3,ON US
-38784475,NOR,C21021600582,0,0,Male,SIN,NOT CONTACTLESS,JAKARTA 4,ON US
1853820181,NOR,C23112202091,0,0,Male,MAR,NOT CONTACTLESS,JAKARTA 4,ON US
-1000729504,NOR,C23110102578,0,0,Female,MAR,NOT CONTACTLESS,SEMARANG,ON US
-1450785508,NOR,HQ1200145709,L,Z,Female,MAR,NOT CONTACTLESS,JAKARTA 5,ON US
2083022529,NOR,LF1150081849,B,B,Male,SIN,NOT CONTACTLESS,JAKARTA 4,ON US
1022489906,BCO,LF1150393868,0,B,Male,MAR,NOT CONTACTLESS,MEDAN,ON US
-2124187232,   ,,0,0,Male,CNV,NOT CONTACTLESS,SURABAYA,ON US
585204910,NOR,HQ0600112625,0,0,Male,MAR,NOT CONTACTLESS,SURABAYA,ON US
1686830174,NOR,,0,0,Female,MAR,NOT CONTACTLESS,PALEMBANG,ON US
1136987795,BCO,LF1150389881,0,B,Male,MAR,NOT CONTACTLESS,SURABAYA,ON US
266412701,BCO,LF1175076927,B,B,Male,MAR,NOT CONTACTLESS,PALEMBANG,ON US
46065478,BCO,,0,0,Female,MAR,NOT CONTACTLESS,JAKARTA 5,ON US
-542822948,BCO,LF1150507810,0,B,Male,MAR,NOT CONTACTLESS,JAKARTA 5,ON US
-1627026867,NOR,C18050400831,0,0,Female,SIN,NOT CONTACTLESS,JAKARTA 4,ON US
1680893901,PTR,HQ1200114975,0,E,Male,SIN,NOT CONTACTLESS,JAKARTA 3,ON US
597585468,NOR,,0,0,Male,MAR,CONTACTLESS,MAKASSAR,ON US
-618650384,NOR,LF1140054103,B,Z,Male,MAR,NOT CONTACTLESS,JAKARTA 5,ON US
336613234,NOR,,0,0,Male,SIN,NOT CONTACTLESS,SEMARANG,ON US
-748252802,WMG,C18021900968,0,0,Female,MAR,NOT CONTACTLESS,JAKARTA 4,ON US
-1441103345,NOR,C19020700135,0,0,Male,MAR,NOT CONTACTLESS,JAKARTA 4,ON US
-395904420,NOR,C19042603220,0,0,Female,MAR,NOT CONTACTLESS,MAKASSAR,ON US
1157293228,BCO,LF1165517369,B,B,Female,MAR,NOT CONTACTLESS,JAKARTA 3,ON US
1821171968,NOR,C23090301074,0,0,Male,MAR,NOT CONTACTLESS,JAKARTA 5,ON US
-2017605949,BCO,C20122800401,0,0,Female,MAR,NOT CONTACTLESS,JAKARTA 3,ON US
1778647650,NOR,C20120100623,0,0,Male,MAR,NOT CONTACTLESS,MAKASSAR,ON US
-46947408,BCO,C22031700561,0,0,Male,MAR,NOT CONTACTLESS,BALIKPAPAN,ON US
-1776350942,NOR,C23101103235,0,0,Female,MAR,NOT CONTACTLESS,JAKARTA 3,ON US
-1326919415,NOR,SB1200058894,F,V,Female,MAR,NOT CONTACTLESS,SURABAYA,ON US
-683297116,BCO,PB0900016704,0,0,Male,MAR,NOT CONTACTLESS,PALEMBANG,ON US
471242594,NOR,C23061700137,0,0,Male,MAR,NOT CONTACTLESS,BALIKPAPAN,ON US
439023952,NOR,C23122500224,0,0,Female,SIN,NOT CONTACTLESS,MEDAN,ON US
-937192798,NOR,LF1175291536,B,B,Female,MAR,CONTACTLESS,PALEMBANG,ON US
789806368,BCO,C19062504487,0,0,Male,MAR,CONTACTLESS,SURABAYA,ON US
-306477299,BCO,LF1140450465,0,Z,Male,SIN,CONTACTLESS,JAKARTA 3,ON US
697245342,BCO,C23041402624,0,0,Female,SIN,CONTACTLESS,MEDAN,ON US
2091538050,BCO,C23041700575,0,0,Male,MAR,CONTACTLESS,JAKARTA 3,ON US
-449981455,NOR,HQ0900299495,0,0,Female,MAR,CONTACTLESS,JAKARTA 5,ON US
-806434879,BCO,LF1180074862,L,Y,Female,MAR,CONTACTLESS,MEDAN,ON US
1195148494,NOR,BD0900027353,0,0,Female,MAR,NOT CONTACTLESS,BANDUNG,ON US
-353940925,BCO,LF1165590161,F,V,Male,MAR,NOT CONTACTLESS,SURABAYA,ON US
-1925410094,BCO,BD1100062402,B,B,Female,MAR,NOT CONTACTLESS,BANDUNG,ON US
591388577,NOR,C23081802836,0,0,Female,SIN,NOT CONTACTLESS,JAKARTA 3,ON US
324515470,BCO,BD1200074637,0,S,Male,MAR,NOT CONTACTLESS,BANDUNG,ON US
1394416608,BCO,PB1300020915,B,G,Male,MAR,NOT CONTACTLESS,PALEMBANG,ON US
302297438,NOR,C22051800988,0,0,Female,MAR,NOT CONTACTLESS,JAKARTA 3,ON US
-1549374414,BCO,C22082401907,0,0,Female,MAR,NOT CONTACTLESS,SEMARANG,ON US
-236271774,BCO,LF1140563993,B,B,Male,MAR,NOT CONTACTLESS,JAKARTA 5,ON US
1387430707,CLS,C23122001470,0,0,Female,MAR,NOT CONTACTLESS,JAKARTA 5,ON US
285207792,BCO,HQ1100120346,F,V,Female,MAR,NOT CONTACTLESS,JAKARTA 4,ON US
378066661,NOR,C19010702146,0,0,Female,SIN,NOT CONTACTLESS,JAKARTA 4,ON US
-1377440689,NOR,HQ1300024072,0,Z,Male,MAR,NOT CONTACTLESS,JAKARTA 3,ON US
190695442,BCO,LF1150157885,B,B,Male,MAR,NOT CONTACTLESS,SURABAYA,ON US
-1027619155,BCO,LF1180051982,L,Y,Male,SIN,NOT CONTACTLESS,BALIKPAPAN,ON US
336128224,BCO,C22072003110,0,0,Male,MAR,NOT CONTACTLESS,JAKARTA 3,ON US
-1970168188,BCO,C22090901943,0,0,Female,SIN,NOT CONTACTLESS,JAKARTA 5,ON US
-497534066,BCO,LF1150263307,0,B,Male,MAR,NOT CONTACTLESS,JAYAPURA,ON US
-349629468,BCO,C23032402509,0,0,Male,MAR,NOT CONTACTLESS,BALIKPAPAN,ON US
-970056802,NOR,C18120702542,0,0,Male,MAR,NOT CONTACTLESS,DENPASAR,ON US
190267651,BCO,C20030500498,0,0,Female,SIN,NOT CONTACTLESS,DENPASAR,ON US
-1544084128,WMG,C21102901960,0,0,Female,DIV,NOT CONTACTLESS,JAKARTA 3,ON US
-569921742,PTR,LF1175164314,M,B,Male,MAR,NOT CONTACTLESS,JAKARTA 5,ON US
-35881716,VP5,C19032901089,0,0,Male,MAR,NOT CONTACTLESS,MAKASSAR,ON US
120886337,VP5,C20021401935,0,0,Male,SIN,NOT CONTACTLESS,BALIKPAPAN,ON US
-471846769,NOR,C18041201308,0,0,Male,MAR,NOT CONTACTLESS,JAKARTA 3,ON US
1362008256,BCO,C22080803314,0,0,Male,MAR,NOT CONTACTLESS,JAKARTA 4,ON US
-2016767931,VIP,LF1180248797,B,K,Female,SIN,NOT CONTACTLESS,SEMARANG,ON US
-221257679,NOR,SB1200011376,B,B,Male,MAR,NOT CONTACTLESS,SURABAYA,ON US
1186137648,NOR,C23120300301,0,0,Male,MAR,NOT CONTACTLESS,JAKARTA 3,ON US
1079370068,NOR,,0,0,Female,MAR,NOT CONTACTLESS,BANDUNG,ON US
852269405,NOR,HQ1200066576,L,Z,Male,MAR,NOT CONTACTLESS,JAKARTA 4,ON US
903858148,NOR,LF1150121980,B,Z,Female,MAR,NOT CONTACTLESS,JAKARTA 5,ON US
1682007822,BCO,SM0800019488,0,0,Male,SIN,NOT CONTACTLESS,SEMARANG,ON US
1062210532,NOR,LF1140009676,L,Z,Male,MAR,NOT CONTACTLESS,JAKARTA 3,ON US
426283088,DEP,BP1400019387,B,Z,Male,MAR,NOT CONTACTLESS,BALIKPAPAN,ON US
-728864707,PTR,PB0900006649,0,0,Male,SIN,NOT CONTACTLESS,PALEMBANG,ON US
965674913,NOR,LF1165889354,B,B,Male,MAR,NOT CONTACTLESS,JAKARTA 4,ON US
-1898417187,NOR,LF1175003528,0,B,Female,SIN,NOT CONTACTLESS,MEDAN,ON US
-641262179,BCO,LF1130070705,L,Y,Female,MAR,NOT CONTACTLESS,JAKARTA 5,ON US
-1793704705,NOR,PB0700012922,0,0,Male,SIN,NOT CONTACTLESS,PALEMBANG,ON US
2000350181,BCO,MK0800011495,0,0,Male,SIN,NOT CONTACTLESS,MAKASSAR,ON US
693255936,BCO,C19062400386,0,0,Male,MAR,NOT CONTACTLESS,JAKARTA 3,ON US
1154161245,BCO,C19082701937,0,0,Female,SIN,NOT CONTACTLESS,JAKARTA 3,ON US
-1793882819,BCO,C19122303147,0,0,Female,MAR,NOT CONTACTLESS,DENPASAR,ON US
407452609,CLS,C23061901450,0,0,Female,SIN,NOT CONTACTLESS,JAKARTA 5,ON US
-123248659,NOR,C23010602878,0,0,Male,SIN,NOT CONTACTLESS,SURABAYA,ON US
-66668237,NOR,C23112301884,0,0,Male,MAR,NOT CONTACTLESS,JAKARTA 3,ON US
890390065,WMG,,0,0,Female,MAR,NOT CONTACTLESS,MEDAN,ON US
-1876757439,NOR,LF1165157946,0,0,Female,SIN,CONTACTLESS,JAKARTA 4,ON US
-1204967437,CLS,C22090800932,0,0,Female,SIN,CONTACTLESS,JAKARTA 3,ON US
-1251271775,NOR,C22101202671,0,0,Male,MAR,CONTACTLESS,BANDUNG,ON US
2046513646,BCO,C22102700540,0,0,Male,MAR,CONTACTLESS,BANDUNG,ON US
-777762175,NOR,C23040301320,0,0,Male,MAR,CONTACTLESS,PALEMBANG,ON US
1194221807,BCO,C23011000558,0,0,Male,MAR,NOT CONTACTLESS,SURABAYA,ON US
-694453631,BCO,LF1150049548,B,B,Male,MAR,CONTACTLESS,MEDAN,ON US
-993689469,NOR,PB0900012664,0,0,Male,SIN,CONTACTLESS,PALEMBANG,ON US
-1649877469,NOR,BD0700050529,0,0,Female,MAR,NOT CONTACTLESS,BANDUNG,ON US
-1306922381,NOR,SB1000054287,0,0,Female,MAR,NOT CONTACTLESS,DENPASAR,ON US
276427758,NOR,LF1165483913,B,C,Female,MAR,NOT CONTACTLESS,BALIKPAPAN,ON US
-598432732,NOR,C22012103002,0,0,Male,SIN,NOT CONTACTLESS,MAKASSAR,ON US
-386867833,BCO,C23041400775,0,0,Female,SIN,NOT CONTACTLESS,SEMARANG,ON US
-600462797,NOR,BD0800001455,0,0,Female,MAR,NOT CONTACTLESS,BANDUNG,ON US
-1118753345,DEP,PB1300008385,L,I,Male,MAR,NOT CONTACTLESS,PALEMBANG,ON US
1563318003,BCO,C23041301087,0,0,Male,SIN,NOT CONTACTLESS,JAKARTA 3,ON US
1878957376,NOR,C21012500259,0,0,Male,MAR,NOT CONTACTLESS,PALEMBANG,ON US
243010115,WMG,C22101802465,0,0,Male,MAR,CONTACTLESS,MEDAN,ON US
1723810702,WMG,C23092602697,0,0,Male,MAR,CONTACTLESS,SURABAYA,ON US
-905710094,NOR,LF1175154825,I,E,Female,SIN,NOT CONTACTLESS,JAKARTA 5,ON US
1582002816,BCO,C20012901059,0,0,Male,SIN,NOT CONTACTLESS,JAKARTA 3,ON US
-452409036,PTR,C21022600210,0,0,Male,MAR,NOT CONTACTLESS,PALEMBANG,ON US
-230349790,PTR,C22062903457,0,0,Male,MAR,NOT CONTACTLESS,BANDUNG,ON US
2108313954,NOR,LF1120123444,0,H,Male,MAR,NOT CONTACTLESS,SURABAYA,ON US
-1718742272,BCO,C19062703259,0,0,Female,MAR,NOT CONTACTLESS,BALIKPAPAN,ON US
-695244563,NOR,SM1100007855,F,V,Female,MAR,NOT CONTACTLESS,SEMARANG,ON US
1082720031,NOR,BP1200005593,F,G,Male,MAR,NOT CONTACTLESS,BALIKPAPAN,ON US
-714626763,NOR,LF1120070823,F,V,Male,MAR,NOT CONTACTLESS,PALEMBANG,ON US
-1497879041,BCO,SB1400005814,0,V,Male,MAR,NOT CONTACTLESS,SURABAYA,ON US
410960066,BCO,,0,0,Male,MAR,NOT CONTACTLESS,JAKARTA 4,ON US
-169767260,NOR,HQ0600151475,0,0,Female,MAR,NOT CONTACTLESS,JAKARTA 4,ON US
-921742733,NOR,SB0700052983,0,0,Female,MAR,NOT CONTACTLESS,SURABAYA,ON US
1256101200,NOR,SM1300016147,B,G,Male,SIN,NOT CONTACTLESS,SEMARANG,ON US
-179367855,NOR,LF1140085401,B,Z,Male,SIN,NOT CONTACTLESS,SURABAYA,ON US
-1039849532,BCO,MD1400008840,0,Z,Female,SIN,NOT CONTACTLESS,MEDAN,ON US
-527162319,NOR,LF1140602027,0,B,Male,MAR,NOT CONTACTLESS,JAKARTA 4,ON US
482930350,NOR,LF1150484249,0,B,Male,MAR,NOT CONTACTLESS,JAKARTA 5,ON US
-1366243346,BCO,LF1140124719,0,Z,Female,MAR,NOT CONTACTLESS,BANDUNG,ON US
-1968774980,VIP,C19080202731,0,0,Female,MAR,NOT CONTACTLESS,MEDAN,ON US
-1545412353,NOR,HQ0700127560,0,0,Male,MAR,NOT CONTACTLESS,JAKARTA 3,ON US
-2005831851,NOR,HQ1200294403,0,V,Female,MAR,NOT CONTACTLESS,BANDUNG,ON US
748285473,BCO,,0,0,Male,MAR,NOT CONTACTLESS,SURABAYA,ON US
-1607500546,BCO,C23091100972,0,0,Male,MAR,NOT CONTACTLESS,MEDAN,ON US
1190605412,BCO,C20022100959,0,0,Male,SIN,NOT CONTACTLESS,JAKARTA 3,ON US
-1206683664,BCO,C22031503355,0,0,Female,SIN,NOT CONTACTLESS,SEMARANG,ON US
5250932,BCO,C22060901198,0,0,Female,MAR,NOT CONTACTLESS,JAKARTA 4,ON US
298013204,STF,C23080802019,0,0,Female,SIN,NOT CONTACTLESS,DENPASAR,ON US
1821497756,NOR,C23100603168,0,0,Female,MAR,NOT CONTACTLESS,BANDUNG,ON US
1929351201,NOR,C23100700125,0,0,Male,MAR,NOT CONTACTLESS,JAKARTA 3,ON US
-1170127293,NOR,HQ1200276352,0,V,Female,MAR,NOT CONTACTLESS,JAKARTA 3,ON US
1139880116,BCO,C19102500173,0,0,Male,SIN,NOT CONTACTLESS,BALIKPAPAN,ON US
-1006432384,BCO,HQ1100158856,B,S,Male,SIN,NOT CONTACTLESS,JAKARTA 5,ON US
-797377611,NOR,,0,0,Female,MAR,NOT CONTACTLESS,JAKARTA 5,ON US
-1902084587,BCO,C19071801334,0,0,Male,MAR,NOT CONTACTLESS,JAKARTA 3,ON US
534032821,NOR,LF1165016190,0,0,Male,SIN,CONTACTLESS,MAKASSAR,ON US
33020354,NOR,LF1175260155,B,F,Male,MAR,CONTACTLESS,BANDUNG,ON US
1345887617,NOR,C22071804749,0,0,Male,SIN,CONTACTLESS,JAKARTA 3,ON US
1400847685,BCO,C23011201621,0,0,Male,MAR,CONTACTLESS,DENPASAR,ON US
436704484,NOR,C23030602203,0,0,Female,SIN,CONTACTLESS,MEDAN,ON US
1516994972,NOR,,0,0,Male,MAR,NOT CONTACTLESS,JAKARTA 5,ON US
-595832413,BCO,C21060201536,0,0,Male,SIN,NOT CONTACTLESS,SEMARANG,ON US
-1404623660,BCO,C22011200118,0,0,Male,MAR,NOT CONTACTLESS,SURABAYA,ON US
-2068647360,STF,C19050302394,0,0,Male,MAR,CONTACTLESS,SEMARANG,ON US
626022850,BCO,BP0700005755,0,0,Male,DIV,NOT CONTACTLESS,BALIKPAPAN,ON US
1926647228,BCO,HQ0700170210,0,0,Male,MAR,NOT CONTACTLESS,JAKARTA 4,ON US
-65767856,STF,LF1165867638,0,D,Female,SIN,NOT CONTACTLESS,PALEMBANG,ON US
497215298,BCO,LF1130124332,B,G,Male,SIN,NOT CONTACTLESS,JAKARTA 3,ON US
-1983362624,STF,C22062201144,0,0,Male,SIN,NOT CONTACTLESS,JAKARTA 5,ON US
-1157762351,NOR,HQ1200242402,0,V,Male,MAR,NOT CONTACTLESS,JAKARTA 3,ON US
-606271394,NOR,C23032000329,0,0,Male,SIN,NOT CONTACTLESS,BANDUNG,ON US
128652847,NOR,HQ0700151645,0,0,Male,MAR,NOT CONTACTLESS,MAKASSAR,ON US
612845469,BCO,HQ1100231752,0,A,Male,MAR,NOT CONTACTLESS,JAKARTA 3,ON US
-1421626914,BCO,HQ1000389123,0,0,Male,SIN,NOT CONTACTLESS,JAKARTA 4,ON US
1997818543,DCO,LF2140016867,L,Z,Female,MAR,NOT CONTACTLESS,PALEMBANG,ON US
692895298,VP5,C19052102969,0,0,Male,MAR,NOT CONTACTLESS,PALEMBANG,ON US
737195052,BCO,C22072002941,0,0,Female,MAR,NOT CONTACTLESS,SEMARANG,ON US
-239219883,NOR,HQ1000423852,0,0,Female,MAR,NOT CONTACTLESS,JAKARTA 3,ON US
-1237367853,NOR,BD0700030180,0,0,Male,MAR,NOT CONTACTLESS,BANDUNG,ON US
-1213097117,WMG,C22033100923,0,0,Female,DIV,NOT CONTACTLESS,JAKARTA 3,ON US
583498260,WMG,C23010503056,0,0,Male,MAR,CONTACTLESS,JAKARTA 5,ON US
-1288455119,NOR,C19120600486,0,0,Female,DIV,CONTACTLESS,JAKARTA 5,ON US
-1288455119,NOR,C19120600486,0,0,Female,DIV,CONTACTLESS,JAKARTA 5,ON US
-93837468,NOR,LF1175121660,B,B,Female,MAR,NOT CONTACTLESS,JAKARTA 4,ON US
-427065071,PTR,C20011301387,0,0,Male,MAR,NOT CONTACTLESS,JAKARTA 3,ON US
1018127424,PTR,C19040502745,0,0,Male,SIN,NOT CONTACTLESS,JAKARTA 4,ON US
1642393701,NOR,C23082202892,0,0,Male,MAR,NOT CONTACTLESS,SEMARANG,ON US
-1274022529,NOR,LF1175079863,0,B,Male,MAR,NOT CONTACTLESS,JAKARTA 3,ON US
-93045332,NOR,HQ1200325678,0,G,Male,SIN,NOT CONTACTLESS,DENPASAR,ON US
-1386777646,NOR,C23102001252,0,0,Female,MAR,NOT CONTACTLESS,BANDUNG,ON US
-1987232351,NOR,LF1140132003,0,Z,Female,MAR,NOT CONTACTLESS,JAKARTA 5,ON US
-63985327,COR,SB1100038367,I,E,Female,SIN,NOT CONTACTLESS,SURABAYA,ON US
-398975236,NOR,LF1165688743,H,I,Male,MAR,NOT CONTACTLESS,BANDUNG,ON US
-330172355,BCO,,0,0,Male,CNV,NOT CONTACTLESS,JAKARTA 4,ON US
2064994881,NOR,LF2150032362,0,B,Male,MAR,NOT CONTACTLESS,BALIKPAPAN,ON US
1873955795,NOR,LF1175222429,0,B,Male,MAR,NOT CONTACTLESS,JAKARTA 3,ON US
1963430384,BCO,MK1100031344,B,S,Male,SIN,NOT CONTACTLESS,JAKARTA 4,ON US
1545865791,BCO,C23071802661,0,0,Male,MAR,NOT CONTACTLESS,JAKARTA 4,ON US
-1054982171,BCO,LF1165290971,0,0,Male,MAR,NOT CONTACTLESS,SURABAYA,ON US
-31733631,NOR,LF1150261725,0,B,Female,MAR,NOT CONTACTLESS,SURABAYA,ON US
-48928253,BCO,C22070702265,0,0,Female,MAR,NOT CONTACTLESS,BANDUNG,ON US
-1527457440,COR,MD1300017456,I,S,Male,MAR,NOT CONTACTLESS,MEDAN,ON US
1345428499,NOR,C23062500124,0,0,Female,MAR,NOT CONTACTLESS,BANDUNG,ON US
-725403629,BCO,LF1150017429,B,B,Male,SIN,NOT CONTACTLESS,JAKARTA 3,ON US
-1677356868,BCO,SB1100023561,L,Z,Male,CNV,CONTACTLESS,SURABAYA,ON US
-916986095,BCO,C22030700931,0,0,Male,SIN,CONTACTLESS,JAKARTA 5,ON US
-2121417364,BCO,C23073100102,0,0,Male,MAR,CONTACTLESS,BALIKPAPAN,ON US
1321390525,CLS,C23100201483,0,0,Male,MAR,CONTACTLESS,JAKARTA 5,ON US
801480062,WMG,,0,0,Female,DIV,NOT CONTACTLESS,JAKARTA 5,ON US
-1024732236,NOR,HQ1000144822,0,0,Female,MAR,CONTACTLESS,BALIKPAPAN,ON US
-737240065,NOR,SM0900028209,0,0,Female,MAR,NOT CONTACTLESS,SEMARANG,ON US
1510382735,NOR,SM0800018870,0,0,Female,MAR,NOT CONTACTLESS,SEMARANG,ON US
-1478072001,NOR,LF1150110224,B,B,Male,MAR,NOT CONTACTLESS,JAKARTA 5,ON US
466472564,NOR,C21042200728,0,0,Male,MAR,NOT CONTACTLESS,JAKARTA 5,ON US
394936607,NOR,C22051200823,0,0,Male,MAR,NOT CONTACTLESS,JAKARTA 4,ON US
-171682384,BCO,C19061301147,0,0,Male,SIN,NOT CONTACTLESS,JAKARTA 5,ON US
-2126707678,BCO,C21082401787,0,0,Male,MAR,NOT CONTACTLESS,SEMARANG,ON US
1402523094,NOR,HQ0700022218,0,0,Male,MAR,NOT CONTACTLESS,JAKARTA 4,ON US
-279114526,BCO,LF1140544548,B,B,Female,DIV,NOT CONTACTLESS,SURABAYA,ON US
1694735089,NOR,HQ0900103032,0,0,Male,SIN,NOT CONTACTLESS,BANDUNG,ON US
-516462067,BCO,C23081900206,0,0,Female,SIN,NOT CONTACTLESS,MEDAN,ON US
2017132769,WMG,C20031102027,0,0,Female,MAR,NOT CONTACTLESS,JAKARTA 5,ON US
-1618239073,NOR,C19102501704,0,0,Female,SIN,NOT CONTACTLESS,JAKARTA 3,ON US
-1958399248,CLS,C22090800267,0,0,Female,DIV,NOT CONTACTLESS,JAKARTA 3,ON US
-2135547646,NOR,LF1175241841,0,B,Female,MAR,NOT CONTACTLESS,JAKARTA 4,ON US
-274577441,BCO,LF1150428545,0,S,Female,SIN,NOT CONTACTLESS,MAKASSAR,ON US
-274577441,BCO,LF1150428545,0,S,Female,SIN,NOT CONTACTLESS,MAKASSAR,ON US
-1191444418,BCO,C22122603444,0,0,Male,MAR,NOT CONTACTLESS,MEDAN,ON US
1344618546,BCO,C23112302478,0,0,Female,DIV,NOT CONTACTLESS,BANDUNG,ON US
503430068,NOR,,0,0,Male,MAR,NOT CONTACTLESS,JAKARTA 4,ON US
-1324374939,NOR,SM0600006873,0,0,Female,SIN,NOT CONTACTLESS,SEMARANG,ON US
-1883962348,NOR,HQ1000375176,0,0,Male,MAR,NOT CONTACTLESS,JAKARTA 3,ON US
957849316,BCO,LF1140265543,B,G,Male,MAR,NOT CONTACTLESS,SURABAYA,ON US
1720530526,NOR,HQ1100246616,0,H,Female,SIN,NOT CONTACTLESS,JAKARTA 3,ON US
1366780437,BCO,LF1150139375,B,B,Male,MAR,NOT CONTACTLESS,DENPASAR,ON US
-1171987300,BCO,HQ1200285987,0,S,Male,MAR,NOT CONTACTLESS,JAKARTA 3,ON US
-981939787,BCO,BP1300009085,B,S,Female,SIN,NOT CONTACTLESS,BANDUNG,ON US
-144595324,BCO,LF1130059558,B,S,Male,MAR,NOT CONTACTLESS,SURABAYA,ON US
-139849534,NOR,LF1130182608,I,E,Female,MAR,NOT CONTACTLESS,JAKARTA 4,ON US
110837826,BCO,HQ0900201737,0,0,Female,MAR,NOT CONTACTLESS,JAKARTA 3,ON US
1022820929,NOR,C18082101584,0,0,Male,SIN,CONTACTLESS,JAKARTA 5,ON US
786365586,VIP,C18103001565,0,0,Male,SIN,NOT CONTACTLESS,JAKARTA 5,ON US
1959892738,NOR,,0,0,Male,MAR,NOT CONTACTLESS,MEDAN,ON US
-1781657299,NOR,,0,0,Male,MAR,NOT CONTACTLESS,JAKARTA 3,ON US
-1765967151,NOR,C19091002782,0,0,Male,MAR,NOT CONTACTLESS,SURABAYA,ON US
-1266887471,NOR,LF1120116453,F,G,Female,MAR,NOT CONTACTLESS,SURABAYA,ON US
1706890036,VP4,C21052100026,0,0,Female,MAR,NOT CONTACTLESS,JAKARTA 3,ON US
-57592766,NOR,HQ1000073920,0,0,Male,MAR,NOT CONTACTLESS,JAKARTA 5,ON US
648229356,NOR,C18112700348,0,0,Male,MAR,NOT CONTACTLESS,PALEMBANG,ON US
1359810429,BCO,C23113000532,0,0,Male,MAR,NOT CONTACTLESS,SURABAYA,ON US
975675441,BCO,LF1150052747,B,B,Male,MAR,NOT CONTACTLESS,JAKARTA 3,ON US
898123232,NOR,C21093000786,0,0,Female,SIN,NOT CONTACTLESS,JAKARTA 4,ON US
1446367183,NOR,C23101801234,0,0,Female,SIN,NOT CONTACTLESS,SURABAYA,ON US
1900172789,NOR,C23102701406,0,0,Male,SIN,NOT CONTACTLESS,BANDUNG,ON US
564844673,BCO,MD1400010593,B,Z,Male,SIN,NOT CONTACTLESS,MEDAN,ON US
-1797731857,NOR,SB1300001533,F,V,Male,SIN,NOT CONTACTLESS,MEDAN,ON US
175695477,NOR,SM1400014851,B,S,Male,MAR,NOT CONTACTLESS,SEMARANG,ON US
-586484683,BCO,C23022100682,0,0,Female,SIN,CONTACTLESS,JAKARTA 3,ON US
76678016,NOR,C23070700390,0,0,Male,SIN,CONTACTLESS,SEMARANG,ON US
1023634716,NOR,LF1165694452,B,C,Male,SIN,CONTACTLESS,JAKARTA 3,ON US
1408887503,BCO,C23011700429,0,0,Male,MAR,CONTACTLESS,JAKARTA 4,ON US
-1381864910,NOR,C20031601209,0,0,Male,MAR,CONTACTLESS,DENPASAR,ON US
-1533672347,NOR,C23101701038,0,0,Female,SIN,NOT CONTACTLESS,JAKARTA 3,ON US
-732469651,NOR,LF3140007723,0,Z,Female,MAR,CONTACTLESS,MAKASSAR,ON US
-1878897933,BCO,LF1150051408,B,B,Male,MAR,CONTACTLESS,SURABAYA,ON US
-634471454,NOR,HQ1000016084,0,0,Male,MAR,CONTACTLESS,JAKARTA 3,ON US
245777613,BCO,LF1130032463,B,S,Male,MAR,NOT CONTACTLESS,JAKARTA 4,ON US
1365968500,NOR,HQ0900192000,0,0,Male,MAR,NOT CONTACTLESS,JAKARTA 4,ON US
-426060093,BCO,LF1130056704,B,S,Female,MAR,NOT CONTACTLESS,SURABAYA,ON US
-976599796,BCO,SB1300011543,B,V,Male,MAR,NOT CONTACTLESS,SURABAYA,ON US
81025580,NOR,LF1150742571,B,B,Male,MAR,NOT CONTACTLESS,JAKARTA 3,ON US
-1100414059,NOR,C22040500236,0,0,Female,MAR,NOT CONTACTLESS,JAKARTA 3,ON US
106832881,NOR,C19112700243,0,0,Male,SIN,NOT CONTACTLESS,BALIKPAPAN,ON US
335327264,BCO,C21070800761,0,0,Male,SIN,NOT CONTACTLESS,JAKARTA 5,ON US
519697196,NOR,HQ0900150128,0,0,Female,MAR,NOT CONTACTLESS,JAKARTA 5,ON US
-668523389,BCO,C19083002645,0,0,Female,MAR,NOT CONTACTLESS,SURABAYA,ON US
-1154435523,BCO,C21110302383,0,0,Male,SIN,NOT CONTACTLESS,PALEMBANG,ON US
624274480,BCO,C23041000622,0,0,Female,SIN,NOT CONTACTLESS,SURABAYA,ON US
2047572770,WMG,C19121602582,0,0,Male,MAR,NOT CONTACTLESS,JAKARTA 3,ON US
299766368,WMG,C21022300667,0,0,Male,MAR,NOT CONTACTLESS,MEDAN,ON US
-1145686094,BCO,C19080102732,0,0,Male,MAR,NOT CONTACTLESS,MEDAN,ON US
-1796179714,BCO,C20012902096,0,0,Male,MAR,NOT CONTACTLESS,BALIKPAPAN,ON US
1485441201,BCO,C21111000759,0,0,Male,MAR,NOT CONTACTLESS,JAKARTA 4,ON US
-802591455,STF,C23111703433,0,0,Male,SIN,NOT CONTACTLESS,SEMARANG,ON US
15979934,BCO,C19062800383,0,0,Female,SIN,NOT CONTACTLESS,JAKARTA 4,ON US
588270174,NOR,LF1120095296,0,Z,Male,MAR,NOT CONTACTLESS,PALEMBANG,ON US
-826412796,NOR,BD0800002082,0,0,Male,MAR,NOT CONTACTLESS,BANDUNG,ON US
-1736967441,NOR,LF1140420578,B,Z,Male,SIN,NOT CONTACTLESS,JAKARTA 4,ON US
1151533234,NOR,LF1130184090,L,Z,Female,SIN,NOT CONTACTLESS,JAKARTA 3,ON US
-626465054,NOR,LF1165173013,0,0,Male,MAR,NOT CONTACTLESS,JAKARTA 3,ON US
-1012209068,BCO,LF1165837895,0,B,Female,MAR,NOT CONTACTLESS,JAKARTA 3,ON US
1031927820,BCO,MD1300010539,B,B,Female,MAR,NOT CONTACTLESS,MEDAN,ON US
457112815,NOR,LF2140024076,0,Z,Female,MAR,NOT CONTACTLESS,PALEMBANG,ON US
1511852817,BCO,BP1100027654,B,S,Male,MAR,NOT CONTACTLESS,SURABAYA,ON US
2093612771,NOR,,0,0,Male,SIN,NOT CONTACTLESS,JAKARTA 5,ON US
-575758797,BCO,C19031901559,0,0,Male,MAR,CONTACTLESS,BANDUNG,ON US
643455314,BCO,C22030901760,0,0,Female,MAR,CONTACTLESS,SURABAYA,ON US
-1974409503,NOR,C23112305095,0,0,Male,SIN,CONTACTLESS,JAKARTA 4,ON US
-2048048799,NOR,MD1000000083,0,0,Female,MAR,NOT CONTACTLESS,MEDAN,ON US
1686344673,BCO,HQ1100313178,0,B,Male,SIN,NOT CONTACTLESS,JAKARTA 5,ON US
-282122171,BCO,C22080300750,0,0,Female,MAR,NOT CONTACTLESS,JAKARTA 3,ON US
1730808142,VIP,C22101201646,0,0,Female,MAR,NOT CONTACTLESS,JAKARTA 5,ON US
-1607639036,NOR,C22112801712,0,0,Male,SIN,NOT CONTACTLESS,JAKARTA 4,ON US
1178622878,NOR,,0,0,Male,SIN,NOT CONTACTLESS,JAKARTA 5,ON US
-159894419,NOR,LF1140418591,B,Z,Female,MAR,NOT CONTACTLESS,MEDAN,ON US
1628793229,NOR,C23080100106,0,0,Male,MAR,NOT CONTACTLESS,SURABAYA,ON US
27821202,NOR,,0,0,Male,MAR,NOT CONTACTLESS,JAKARTA 5,ON US
1540103906,NOR,LF1140032643,L,Z,Female,MAR,NOT CONTACTLESS,JAKARTA 3,ON US
625315057,BCO,C21081802059,0,0,Female,MAR,NOT CONTACTLESS,SEMARANG,ON US
-1460673664,BCO,C22012100359,0,0,Female,MAR,NOT CONTACTLESS,SURABAYA,ON US
621619906,BCO,C22052002466,0,0,Male,SIN,NOT CONTACTLESS,JAKARTA 4,ON US
1600404481,CLS,C22122300825,0,0,Male,MAR,NOT CONTACTLESS,MAKASSAR,ON US
-716146348,NOR,C22123001573,0,0,Male,SIN,NOT CONTACTLESS,JAKARTA 5,ON US
-568404420,NOR,C23121202110,0,0,Male,MAR,NOT CONTACTLESS,SURABAYA,ON US
-164034562,NOR,HQ1000372574,0,0,Female,MAR,NOT CONTACTLESS,JAKARTA 4,ON US
-59226095,FFL,HQ1100340538,F,V,Female,MAR,NOT CONTACTLESS,JAKARTA 5,ON US
1693372529,NOR,MK1200030072,0,V,Male,MAR,NOT CONTACTLESS,MAKASSAR,ON US
1214810178,NOR,,0,0,Male,MAR,NOT CONTACTLESS,JAKARTA 5,ON US
1048323957,NOR,HQ1200290235,0,G,Female,MAR,NOT CONTACTLESS,JAKARTA 4,ON US
2098633957,NOR,HQ1200324430,0,G,Male,MAR,NOT CONTACTLESS,JAKARTA 3,ON US
-425044654,NOR,C21031000497,0,0,Female,MAR,CONTACTLESS,JAKARTA 3,ON US
-1701108258,BCO,C23011601610,0,0,Male,MAR,CONTACTLESS,BALIKPAPAN,ON US
-749579291,BCO,C23020200186,0,0,Male,MAR,CONTACTLESS,SEMARANG,ON US
998847229,BCO,C19101800926,0,0,Male,SIN,CONTACTLESS,BANDUNG,ON US
1150205555,NOR,C19050901845,0,0,Male,MAR,CONTACTLESS,SEMARANG,ON US
31435840,BCO,C21122400128,0,0,Male,MAR,NOT CONTACTLESS,BANDUNG,ON US
1291323025,NOR,C23110100382,0,0,Female,SIN,NOT CONTACTLESS,SURABAYA,ON US
-852669995,VIP,C22111003723,0,0,Male,MAR,NOT CONTACTLESS,JAKARTA 3,ON US
1082856613,BCO,PB1300015638,B,S,Male,MAR,CONTACTLESS,JAKARTA 3,ON US
-1381439824,NOR,SM1000000430,0,0,Female,DIV,CONTACTLESS,SEMARANG,ON US
-784052799,NOR,MK0800015875,0,0,Male,MAR,CONTACTLESS,MAKASSAR,ON US
-1852759501,NOR,MD1300000090,F,P,Female,SIN,NOT CONTACTLESS,MEDAN,ON US
823368254,BCO,MD1300021558,B,B,Male,MAR,NOT CONTACTLESS,MEDAN,ON US
-1817226833,NOR,LF1150243434,B,B,Male,MAR,NOT CONTACTLESS,JAKARTA 3,ON US
-1327857854,NOR,LF1165130852,0,0,Male,MAR,NOT CONTACTLESS,JAKARTA 3,ON US
-583119071,GVT,LF1175895628,B,B,Male,SIN,NOT CONTACTLESS,MEDAN,ON US
865079935,NOR,LF1150170534,B,G,Female,MAR,NOT CONTACTLESS,JAKARTA 3,ON US
1030240357,BCO,C19092002753,0,0,Male,MAR,NOT CONTACTLESS,MEDAN,ON US
-1758547475,NOR,MK0700007587,0,0,Male,SIN,NOT CONTACTLESS,MAKASSAR,ON US
1898317508,BCO,HQ0900014849,0,0,Male,MAR,NOT CONTACTLESS,JAKARTA 5,ON US
76049404,BCO,LF1140498380,B,Z,Female,MAR,NOT CONTACTLESS,SURABAYA,ON US
-157282804,BCO,LF1150846816,B,B,Female,MAR,NOT CONTACTLESS,JAKARTA 4,ON US
-1905754208,BCO,C18112102825,0,0,Male,MAR,NOT CONTACTLESS,SEMARANG,ON US
-1773989153,BCO,C19062600444,0,0,Female,SIN,NOT CONTACTLESS,JAKARTA 5,ON US
-919230094,NOR,C23070600810,0,0,Female,MAR,NOT CONTACTLESS,PALEMBANG,ON US
1043408144,BCO,LF1150246329,B,B,Male,MAR,NOT CONTACTLESS,JAKARTA 5,ON US
-971191774,NOR,C18100903373,0,0,Female,MAR,NOT CONTACTLESS,JAKARTA 3,ON US
-2124764529,NOR,BD0700041410,0,0,Male,MAR,NOT CONTACTLESS,BANDUNG,ON US
-1649752355,NOR,HQ0800067400,0,0,Male,MAR,NOT CONTACTLESS,JAKARTA 3,ON US
-907940064,WMG,C20022600914,0,0,Female,MAR,NOT CONTACTLESS,JAKARTA 4,ON US
1988912741,WMG,C21060900782,0,0,Male,SIN,NOT CONTACTLESS,JAKARTA 5,ON US
-1833794095,CLS,C22082201938,0,0,Male,SIN,NOT CONTACTLESS,MAKASSAR,ON US
-365552238,NOR,LF1175545011,B,B,Male,SIN,NOT CONTACTLESS,JAKARTA 4,ON US
2032645443,PTR,C19121001852,0,0,Male,MAR,NOT CONTACTLESS,JAKARTA 5,ON US
-1761580093,BCO,C22122201423,0,0,Male,MAR,NOT CONTACTLESS,JAKARTA 3,ON US
-360919469,NOR,SM1000010756,0,0,Male,SIN,NOT CONTACTLESS,SEMARANG,ON US
-297242740,BCO,LF1120089807,B,S,Female,MAR,NOT CONTACTLESS,SURABAYA,ON US
-1084977362,NOR,LF1140088773,0,Z,Female,SIN,NOT CONTACTLESS,JAKARTA 5,ON US
-1275080062,NOR,LF1140484450,B,Z,Male,MAR,NOT CONTACTLESS,BANDUNG,ON US
-1275080062,NOR,LF1140484450,B,Z,Male,MAR,NOT CONTACTLESS,BANDUNG,ON US
-2051157892,NOR,LF1150047768,0,B,Male,SIN,NOT CONTACTLESS,MEDAN,ON US
-537564447,NOR,LF1165463660,B,B,Male,MAR,NOT CONTACTLESS,BALIKPAPAN,ON US
-625567469,NOR,LF1175333387,0,B,Female,MAR,NOT CONTACTLESS,SURABAYA,ON US
1364597647,NOR,HQ1100337679,0,G,Male,MAR,NOT CONTACTLESS,JAKARTA 3,ON US
1879982764,NOR,HQ0600113762,0,0,Male,MAR,NOT CONTACTLESS,JAKARTA 3,ON US
-22956772,NOR,LF1150568157,B,B,Male,MAR,NOT CONTACTLESS,MEDAN,ON US
-46744529,NOR,,0,0,Female,MAR,NOT CONTACTLESS,JAKARTA 5,ON US
2104435233,VP1,C19013002435,0,0,Female,MAR,NOT CONTACTLESS,BANDUNG,ON US
-2032207231,NOR,,0,0,Female,MAR,NOT CONTACTLESS,SURABAYA,ON US
147345476,VP5,C19100801566,0,0,Female,MAR,NOT CONTACTLESS,DENPASAR,ON US
147345476,VP5,C19100801566,0,0,Female,MAR,NOT CONTACTLESS,DENPASAR,ON US
-1701179038,BCO,C21090201648,0,0,Male,MAR,NOT CONTACTLESS,JAKARTA 4,ON US
-1010502941,BCO,HQ1000079619,0,0,Female,MAR,NOT CONTACTLESS,JAKARTA 5,ON US
2055034494,NOR,,0,0,Female,MAR,NOT CONTACTLESS,JAKARTA 5,ON US
-1126954447,BCO,C23033002426,0,0,Male,MAR,NOT CONTACTLESS,JAKARTA 5,ON US
-902996771,COR,LF1165915331,I,E,Male,MAR,NOT CONTACTLESS,JAKARTA 5,ON US
1283144485,BCO,C22030702867,0,0,Male,MAR,NOT CONTACTLESS,MEDAN,ON US
1063550964,BCO,C22070601652,0,0,Male,MAR,NOT CONTACTLESS,JAKARTA 5,ON US
-1679230093,NOR,C21102800166,0,0,Female,MAR,NOT CONTACTLESS,SURABAYA,ON US
-913146770,NOR,C23111700056,0,0,Male,DIV,NOT CONTACTLESS,JAKARTA 3,ON US
-264972417,NOR,C23120502320,0,0,Male,MAR,NOT CONTACTLESS,JAKARTA 5,ON US
1123882064,NOR,C23110202039,0,0,Male,MAR,NOT CONTACTLESS,DENPASAR,ON US
-1708977228,NOR,SB0900014641,0,0,Male,MAR,CONTACTLESS,JAKARTA 4,ON US
-1997678236,CLS,C22121603002,0,0,Male,SIN,CONTACTLESS,JAKARTA 5,ON US
-777081537,NOR,C23102901028,0,0,Male,MAR,CONTACTLESS,JAKARTA 3,ON US
-1047959867,BCO,C22112100590,0,0,Male,SIN,NOT CONTACTLESS,JAKARTA 5,ON US
2032954530,NOR,HQ1000193101,0,0,Female,MAR,NOT CONTACTLESS,JAKARTA 5,ON US
451385469,NOR,,0,0,Female,SIN,NOT CONTACTLESS,JAKARTA 5,ON US
-2057535515,NOR,C23072701576,0,0,Male,MAR,NOT CONTACTLESS,BANDUNG,ON US
1579362527,STF,BP1200027037,B,S,Female,SIN,NOT CONTACTLESS,DENPASAR,ON US
2019817646,NOR,LF1175438577,B,Y,Male,SIN,NOT CONTACTLESS,BANDUNG,ON US
217167421,BCO,C19051001542,0,0,Male,MAR,NOT CONTACTLESS,JAKARTA 3,ON US
12759311,NOR,C21052402500,0,0,Male,SIN,NOT CONTACTLESS,BANDUNG,ON US
-1530872208,NOR,C21121703287,0,0,Male,MAR,NOT CONTACTLESS,SEMARANG,ON US
193700929,NOR,C22070700275,0,0,Female,MAR,NOT CONTACTLESS,JAKARTA 3,ON US
-215402317,NOR,C23072702155,0,0,Female,SIN,NOT CONTACTLESS,BANDUNG,ON US
-8242355,BCO,C20021402616,0,0,Male,MAR,NOT CONTACTLESS,JAKARTA 4,ON US
-776533387,BCO,C19081401150,0,0,Female,SIN,NOT CONTACTLESS,JAKARTA 5,ON US
-55627986,BCO,C23060502465,0,0,Male,SIN,NOT CONTACTLESS,SURABAYA,ON US
-1449107475,WMG,C23020700691,0,0,Male,MAR,CONTACTLESS,JAKARTA 4,ON US
849152062,BCO,C21060800039,0,0,Female,SIN,NOT CONTACTLESS,MEDAN,ON US
-564564414,NOR,LF1140461457,0,Z,Male,SIN,NOT CONTACTLESS,MEDAN,ON US
-1681294532,STF,C18122800308,0,0,Female,MAR,NOT CONTACTLESS,JAKARTA 5,ON US
1337769938,BCO,LF1165202981,0,0,Male,MAR,NOT CONTACTLESS,JAKARTA 5,ON US
-430032931,NOR,,0,0,Male,SIN,NOT CONTACTLESS,JAYAPURA,ON US
-430032931,NOR,,0,0,Male,SIN,NOT CONTACTLESS,JAYAPURA,ON US
-60594206,NOR,HQ0700126274,0,0,Male,MAR,NOT CONTACTLESS,PALEMBANG,ON US
-330172355,BCO,,0,0,Male,CNV,NOT CONTACTLESS,JAKARTA 4,ON US
886095519,NOR,,0,0,Male,SIN,NOT CONTACTLESS,MAKASSAR,ON US
1065883090,NOR,C18040200600,0,0,Male,MAR,NOT CONTACTLESS,BANDUNG,ON US
-645644416,NOR,LF1140080047,0,Z,Male,MAR,NOT CONTACTLESS,BANDUNG,ON US
-863792795,BCO,BP1300020790,0,S,Male,MAR,NOT CONTACTLESS,JAKARTA 5,ON US
200898144,NOR,LF1150189818,B,Z,Female,MAR,NOT CONTACTLESS,BANDUNG,ON US
1953222769,VIP,HQ0600050253,0,0,Female,MAR,NOT CONTACTLESS,JAKARTA 5,ON US
1055760524,BCO,C19103000083,0,0,Male,MAR,NOT CONTACTLESS,BANDUNG,ON US
1074507837,NOR,HQ0800030059,0,0,Male,MAR,NOT CONTACTLESS,JAKARTA 3,ON US
-911611776,VIP,C18123103183,0,0,Male,SIN,NOT CONTACTLESS,JAKARTA 5,ON US
1462567408,VP4,C18100801963,0,0,Male,MAR,NOT CONTACTLESS,JAKARTA 5,ON US
-507670100,NOR,C22022600437,0,0,Male,MAR,NOT CONTACTLESS,SEMARANG,ON US
-1884399789,BCO,C23011301766,0,0,Male,SIN,NOT CONTACTLESS,JAKARTA 5,ON US
-1055219076,NOR,C23110500347,0,0,Male,MAR,NOT CONTACTLESS,BANDUNG,ON US
92680117,NOR,,0,0,Male,MAR,NOT CONTACTLESS,SURABAYA,ON US
687709311,BCO,PB1400005437,0,G,Male,MAR,NOT CONTACTLESS,PALEMBANG,ON US
-102225124,BCO,C18040800316,0,0,Male,MAR,CONTACTLESS,JAKARTA 4,ON US
1712844532,BCO,C20022402334,0,0,Female,MAR,CONTACTLESS,BANDUNG,ON US
-311567262,BCO,C20022400170,0,0,Female,MAR,CONTACTLESS,PALEMBANG,ON US
1630811348,NOR,C20031002098,0,0,Female,SIN,CONTACTLESS,SURABAYA,ON US
-1505219503,BCO,C21060901452,0,0,Male,MAR,CONTACTLESS,DENPASAR,ON US
-399114479,BCO,LF1165119996,0,0,Male,MAR,CONTACTLESS,JAKARTA 5,ON US
651540115,NOR,C23082201895,0,0,Female,MAR,CONTACTLESS,BANDUNG,ON US
-1537421358,BCO,C23090501596,0,0,Male,MAR,NOT CONTACTLESS,JAKARTA 5,ON US
-163192621,NOR,LF1150822383,B,B,Male,SIN,NOT CONTACTLESS,JAKARTA 3,ON US
1366405551,BCO,BP1400015349,0,B,Male,MAR,NOT CONTACTLESS,BALIKPAPAN,ON US
334314675,NOR,C18122700540,0,0,Male,MAR,NOT CONTACTLESS,JAKARTA 4,ON US
142419316,BCO,C20122100634,0,0,Male,MAR,NOT CONTACTLESS,SEMARANG,ON US
-788510099,NOR,C23021800023,0,0,Male,MAR,NOT CONTACTLESS,MEDAN,ON US
-2011965490,STF,C23022301809,0,0,Female,SIN,NOT CONTACTLESS,JAKARTA 5,ON US
496833904,BCO,HQ1200331868,0,B,Female,SIN,NOT CONTACTLESS,JAKARTA 4,ON US
189448224,NOR,C23112700275,0,0,Female,SIN,NOT CONTACTLESS,PALEMBANG,ON US
1607912882,NOR,LF1140404145,0,Z,Male,MAR,NOT CONTACTLESS,BANDUNG,ON US
